Artist,Tier,ImageURL,ImageSource,Tags
+44,B,https://is1-ssl.mzstatic.com/image/thumb/Features115/v4/27/c2/67/27c267b4-ee01-5c25-b7b7-20658f967121/pr_source.png/400x400bb.jpg,apple-music,emo pop;anthemic choruses;distorted guitars;catchy hooks;angsty lyrics;melancholy mood;male vocals;Los Angeles;side project;2000s
311,C,https://is1-ssl.mzstatic.com/image/thumb/AMCArtistImages221/v4/43/5c/2d/435c2d3c-5314-c229-1b5e-0cb89b4dfd93/ami-identity-becbfd127707552b3151afa35528ab10-2025-08-27T19-39-18.328Z_cropped.png/400x400bb.jpg,apple-music,rap rock;reggae rock;funk metal;alternative rock;heavy riffs;danceable grooves;rapped verses;dual vocals;male vocals;high energy;party anthems;Omaha;1990s;2000s
3OH!3,D,https://is1-ssl.mzstatic.com/image/thumb/AMCArtistImages211/v4/89/74/a6/8974a680-5036-8adc-edcc-96595c6840be/ami-identity-be57c9ab8c36d3b9bf12d538a9b15b4e-2025-07-16T21-06-37.097Z_cropped.png/400x400bb.jpg,apple-music,crunkcore;electropop;pop rap;synth-driven;electronic beats;party anthems;explicit lyrics;sardonic humour;catchy hooks;high energy;male vocals;dual vocals;American;duo;2000s;2010s
ABBA,C,https://is1-ssl.mzstatic.com/image/thumb/Features115/v4/77/b2/e3/77b2e3f8-3af4-1928-f411-901705218d2d/mza_402627401905230864.png/400x400bb.jpg,apple-music,Europop;disco;pop rock;glam rock;catchy hooks;vocal harmonies;polished production;danceable grooves;melancholy mood;female vocals;male vocals;dual vocals;theatrical live shows;Stockholm;1970s;1980s
Alkaline Trio,,https://is1-ssl.mzstatic.com/image/thumb/AMCArtistImages126/v4/8c/92/e8/8c92e80d-3de0-048a-c49f-0d5834f0ee6c/bc3b5626-f45f-4038-b0fc-e7f1720d5d2d_file_cropped.png/400x400bb.jpg,apple-music,pop punk;emo;catchy hooks;distorted guitars;anthemic choruses;melancholy mood;angsty lyrics;witty wordplay;dual vocals;male vocals;Chicago;1990s;2000s;2010s;2020s
All Time Low,D,https://is1-ssl.mzstatic.com/image/thumb/AMCArtistImages211/v4/9b/f4/2c/9bf42c57-7f45-9a38-04c6-323b9b628b8b/ami-identity-ffed305f33dd9c5b536a0348a008f280-2025-06-13T03-41-01.040Z_cropped.png/400x400bb.jpg,apple-music,emo pop;power pop;anthemic choruses;catchy hooks;distorted guitars;witty wordplay;angsty lyrics;male vocals;American;2000s;2010s;Warped Tour
Allie X,,https://is1-ssl.mzstatic.com/image/thumb/AMCArtistImages211/v4/23/b6/a1/23b6a14b-afb9-4e5e-fb27-330eee536f31/ami-identity-b6e746cb6f51a28ca32533522bdc4c1a-2026-06-01T18-57-23.875Z_cropped.png/400x400bb.jpg,apple-music,synthpop;electropop;indie pop;art pop;synth-driven;catchy hooks;melancholy mood;theatrical delivery;camp and flamboyant;queer themes;concept albums;polished production;female vocals;Ontario;solo act;2010s;2020s
Amanda Palmer,A,https://is1-ssl.mzstatic.com/image/thumb/Features115/v4/25/24/98/25249826-e632-ba72-c45e-c07cf2973516/pr_source.png/400x400bb.jpg,apple-music,punk cabaret;alternative rock;piano-driven;theatrical delivery;confessional lyrics;explicit lyrics;political lyrics;storytelling lyrics;camp and flamboyant;female vocals;theatrical live shows;solo act;Boston;2000s;2010s
American Hi-Fi,B,https://is1-ssl.mzstatic.com/image/thumb/AMCArtistImages221/v4/8c/84/bd/8c84bd17-855f-2a4a-98b0-cab6a4e5f3c9/f1380593-4f4d-41c9-8a6e-9a964454c515_ami-identity-132997aed251dd0360163b04e3a2f9ed-2024-04-15T23-08-52.362Z_cropped.png/400x400bb.jpg,apple-music,pop punk;power pop;alternative rock;distorted guitars;catchy hooks;anthemic choruses;angsty lyrics;male vocals;Boston;2000s
Anberlin,,https://is1-ssl.mzstatic.com/image/thumb/AMCArtistImages211/v4/f0/50/f3/f050f349-7dc2-affa-b277-a0d8fef95e08/ami-identity-65d0a0c1fefefebdf0e2d088d2cf977e-2024-10-18T21-10-01.949Z_cropped.png/400x400bb.jpg,apple-music,emo;pop rock;anthemic choruses;catchy hooks;distorted guitars;melancholy mood;angsty lyrics;atmospheric textures;polished production;male vocals;American;2000s;2010s;2020s;Warped Tour
Angels & Airwaves,A,https://is1-ssl.mzstatic.com/image/thumb/Features125/v4/f0/95/91/f09591c2-8e98-1cd6-42c1-a453a19f3df1/pr_source.png/400x400bb.jpg,apple-music,space rock;alternative rock;atmospheric textures;anthemic choruses;cinematic scope;guitar-driven;synth-driven;concept albums;male vocals;San Diego;side project;2000s;2010s;2020s
Angine De Poitrine,B,https://is1-ssl.mzstatic.com/image/thumb/AMCArtistImages211/v4/a5/43/81/a5438154-b1eb-59c5-0993-9a972d14ec59/ami-identity-98a36afcbfe546930be76822cc59f879-2026-03-09T19-43-42.604Z_cropped.png/400x400bb.jpg,apple-music,math rock;experimental rock;prog rock;post-rock;art punk;microtonal;odd time signatures;instrumental;virtuosic playing;atmospheric textures;Canadian;2020s
Anita Velveeta,C,https://is1-ssl.mzstatic.com/image/thumb/AMCArtistImages211/v4/dd/65/6d/dd656d5f-1cfc-f0e4-2f01-5eb451422f31/file_cropped.png/400x400bb.jpg,apple-music,indie rock;lo-fi production;distorted guitars;quirky and playful;sardonic humour;explicit lyrics;female vocals;American;solo act;2020s
Apashe,C,https://is1-ssl.mzstatic.com/image/thumb/Music125/v4/f0/7e/44/f07e448d-0245-6c19-5d82-325bdc0db0a1/pr_source.png/400x400bb.jpg,apple-music,dubstep;electro house;trap;orchestral arrangements;classical influences;electronic beats;heavy riffs;cinematic scope;high energy;genre-blending;Belgian;Canadian;solo act;2010s;2020s
ATARASHII GAKKO!,C,https://is1-ssl.mzstatic.com/image/thumb/AMCArtistImages221/v4/39/ec/9b/39ec9b6b-3275-821d-9e5f-0270e3127aea/ami-identity-8a2e01a1613ea3137097d55427b3d334-2026-06-24T01-23-53.682Z_cropped.png/400x400bb.jpg,apple-music,J-pop;pop rock;jazz;funk;high energy;danceable grooves;catchy hooks;quirky and playful;theatrical delivery;kawaii aesthetic;non-English lyrics;female vocals;vocal harmonies;choreographed dance;theatrical live shows;girl group;viral breakout;Japanese;2010s;2020s
AURORA,B,https://is1-ssl.mzstatic.com/image/thumb/AMCArtistImages112/v4/13/d7/a7/13d7a78c-1d3f-1dc9-ec73-cbf9ae6aca16/1af41250-8099-4dcf-87c0-0175324676a9_ami-identity-be5308d2594826cc5f0309b06a6ec8e6-2024-03-28T09-20-32.727Z_cropped.png/400x400bb.jpg,apple-music,art pop;dream pop;folktronica;chamber pop;synthpop;ethereal vocals;atmospheric textures;melancholy mood;theatrical delivery;female vocals;Norwegian;solo act;2010s;2020s
Ava Max,C,https://is1-ssl.mzstatic.com/image/thumb/AMCArtistImages211/v4/6d/97/af/6d97af07-2387-5aca-3360-ba8778116078/ami-identity-d6ea6450f3ab37c4e6e9d86d10607fec-2026-04-21T16-57-49.577Z_cropped.png/400x400bb.jpg,apple-music,dance-pop;electropop;synthpop;catchy hooks;powerhouse vocals;polished production;four-on-the-floor beats;party anthems;retro influences;female vocals;American;solo act;2010s;2020s
BABYMETAL,B,https://is1-ssl.mzstatic.com/image/thumb/AMCArtistImages221/v4/88/03/d4/8803d4d4-a6ae-8c5d-9306-51ab69e79ba7/file_cropped.png/400x400bb.jpg,apple-music,kawaii metal;power metal;alternative metal;metalcore;genre-blending;breakdowns;breakneck tempos;high energy;female vocals;screamed vocals;vocal harmonies;non-English lyrics;kawaii aesthetic;choreographed dance;theatrical live shows;girl group;Tokyo;2010s;2020s
Bad Omens,C,https://is1-ssl.mzstatic.com/image/thumb/AMCArtistImages211/v4/71/e3/5e/71e35e38-066d-c670-9465-9cecf6017f29/file_cropped.png/400x400bb.jpg,apple-music,metalcore;alternative metal;post-hardcore;breakdowns;screamed vocals;atmospheric textures;electronic beats;angsty lyrics;melancholy mood;male vocals;American;2010s;2020s
Barenaked Ladies,C,https://is1-ssl.mzstatic.com/image/thumb/AMCArtistImages116/v4/45/1b/19/451b197a-704f-316e-d0da-79cb7cda13f2/3c8ed5a1-b592-47db-9431-4cae5783ebba_ami-identity-47fe7a99ec19bfe44d29911ec7ff6f8f-2023-06-26T23-47-56.846Z_cropped.png/400x400bb.jpg,apple-music,comedy rock;folk rock;power pop;jangle pop;alternative rock;witty wordplay;storytelling lyrics;quirky and playful;vocal harmonies;acoustic textures;catchy hooks;dual vocals;male vocals;theatrical live shows;Toronto;1990s;2000s
Basshunter,E,https://is1-ssl.mzstatic.com/image/thumb/Features115/v4/87/b6/79/87b67926-c2ff-1040-0ff1-2a2dd1c59b48/pr_source.png/400x400bb.jpg,apple-music,hands up;electronic beats;synth-driven;four-on-the-floor beats;party anthems;catchy hooks;high energy;male vocals;non-English lyrics;solo act;viral breakout;Swedish;2000s;2010s
Beach Bunny,C,https://is1-ssl.mzstatic.com/image/thumb/AMCArtistImages211/v4/c7/44/ec/c744ec7d-1dc7-2c16-6d5e-cc1eb179743d/c4230863-1ee8-4da3-b2be-f0ed9a389da3_ami-identity-6fe39853de9a0463e84505f39a4047c3-2024-05-30T15-34-03.671Z_cropped.png/400x400bb.jpg,apple-music,bedroom pop;indie rock;power pop;jangly guitars;catchy hooks;confessional lyrics;melancholy mood;angsty lyrics;lo-fi production;female vocals;Chicago;2010s;2020s
Bebe Rexha,E,https://is1-ssl.mzstatic.com/image/thumb/AMCArtistImages211/v4/78/93/da/7893da1b-c240-f11d-5ce2-2588403c6d49/file_cropped.png/400x400bb.jpg,apple-music,dance-pop;electropop;R&B;catchy hooks;powerhouse vocals;polished production;party anthems;heartbreak lyrics;female vocals;New York;solo act;2010s;2020s
Ben Folds,D,https://is1-ssl.mzstatic.com/image/thumb/AMCArtistImages221/v4/2f/17/9d/2f179d99-eb76-8229-927a-c209691ed907/ami-identity-0900fd34574b568f21243aec333f84bf-2025-01-15T21-06-37.630Z_cropped.png/400x400bb.jpg,apple-music,piano rock;power pop;alternative rock;piano-driven;witty wordplay;sardonic humour;storytelling lyrics;confessional lyrics;male vocals;American;solo act;1990s;2000s;2010s
Ben Folds Five,E,https://is1-ssl.mzstatic.com/image/thumb/Features125/v4/5a/77/e2/5a77e218-c4eb-7c3a-c66e-ac5578844d4d/mzl.qjbnpjhm.jpg/400x400bb.jpg,apple-music,piano rock;power pop;alternative rock;piano-driven;prominent bass;witty wordplay;sardonic humour;storytelling lyrics;melancholy mood;vocal harmonies;male vocals;American;1990s
Big Freedia,C,https://is1-ssl.mzstatic.com/image/thumb/Features125/v4/40/33/50/4033503f-8d62-3249-f7df-109d8a16d5ab/pr_source.png/400x400bb.jpg,apple-music,bounce;electro;high energy;danceable grooves;explicit lyrics;party anthems;queer themes;rapped verses;sample-based production;New Orleans;solo act;2010s;2020s
Blink-182,S,https://is1-ssl.mzstatic.com/image/thumb/AMCArtistImages126/v4/65/62/19/656219e0-9f60-ea44-806a-f396784d0992/a54cf2c0-30ca-4c31-87e0-3f4b3b5d0548_ami-identity-e3a39a439aad3816a4fd61791faa2231-2023-09-18T15-59-58.456Z_cropped.png/400x400bb.jpg,apple-music,pop punk;skate punk;alternative rock;catchy hooks;anthemic choruses;distorted guitars;breakneck tempos;high energy;sardonic humour;witty wordplay;explicit lyrics;angsty lyrics;quirky and playful;dual vocals;male vocals;San Diego;1990s;2000s;Warped Tour
Blood Brothers,C,https://is1-ssl.mzstatic.com/image/thumb/Music123/v4/a4/84/a0/a484a053-af80-c50a-f461-c066c0dbacb5/0045778704569.png/400x400bb.jpg,apple-music,sasscore;art punk;screamed vocals;dual vocals;breakneck tempos;noisy textures;angsty lyrics;male vocals;Seattle;2000s
Bloodhound Gang,D,https://is1-ssl.mzstatic.com/image/thumb/Features125/v4/b5/f1/f5/b5f1f55d-c7fd-be99-2483-af054e01b67d/mzl.cyvjhcam.tif/400x400bb.jpg,apple-music,comedy rock;rap rock;alternative metal;explicit lyrics;sardonic humour;witty wordplay;rapped verses;sample-based production;party anthems;male vocals;American;comedy;1990s;2000s
Bowling for Soup,A,https://is1-ssl.mzstatic.com/image/thumb/AMCArtistImages221/v4/e0/bf/76/e0bf76b0-6254-fbff-9482-f3724ecdc14a/ami-identity-be866883af0c84a6945af97b10822641-2025-03-03T16-39-23.311Z_cropped.png/400x400bb.jpg,apple-music,pop punk;power pop;alternative rock;catchy hooks;anthemic choruses;sardonic humour;witty wordplay;quirky and playful;distorted guitars;male vocals;American;1990s;2000s;Warped Tour
Box Car Racer,B,https://is1-ssl.mzstatic.com/image/thumb/Music125/v4/20/ee/33/20ee339c-4e0e-edaa-cd2b-9215d44a0fdd/00008811291525.rgb.jpg/400x400bb.jpg,apple-music,post-hardcore;emo;pop punk;distorted guitars;angsty lyrics;melancholy mood;atmospheric textures;male vocals;San Diego;side project;2000s
BOYS LIKE GIRLS,C,https://is1-ssl.mzstatic.com/image/thumb/AMCArtistImages221/v4/c4/ce/8c/c4ce8ca9-3f33-3978-98b0-6ecf5b93e765/ami-identity-048d9eeb591c6f15c87b3f5ce7d69039-2025-11-03T03-09-40.217Z_cropped.png/400x400bb.jpg,apple-music,emo pop;power pop;anthemic choruses;catchy hooks;angsty lyrics;polished production;male vocals;Boston;2000s;2010s;Warped Tour
Brand New,A,https://is1-ssl.mzstatic.com/image/thumb/Features115/v4/4e/5e/eb/4e5eebab-6a61-12e9-cca2-8c45aa4333a6/mzl.otavozzv.jpg/400x400bb.jpg,apple-music,emo;post-hardcore;indie rock;pop punk;angsty lyrics;confessional lyrics;melancholy mood;distorted guitars;atmospheric textures;concept albums;screamed vocals;male vocals;Long Island;2000s;2010s
Bright Eyes,D,https://is1-ssl.mzstatic.com/image/thumb/AMCArtistImages221/v4/7f/4e/bb/7f4ebbd0-7495-5c00-a0c7-97cc295413ea/ami-identity-cbc04e09252a619fc6c8f2e457fcd71f-2025-08-27T14-00-16.170Z_cropped.png/400x400bb.jpg,apple-music,indie folk;indie rock;folk rock;alternative country;acoustic textures;folk instrumentation;confessional lyrics;storytelling lyrics;melancholy mood;lo-fi production;string arrangements;male vocals;Omaha;2000s;2010s
Bring Me the Horizon,,https://is1-ssl.mzstatic.com/image/thumb/AMCArtistImages116/v4/d3/e7/94/d3e794ee-55c4-2fca-223e-7286d82c60cd/0639d658-7d94-467e-b2f8-f5e97289a3cf_ami-identity-82f37e93ca0320f79c8cd58e647f7a6b-2024-01-11T18-32-49.462Z_cropped.png/400x400bb.jpg,apple-music,deathcore;alternative metal;post-hardcore;electropop;breakdowns;screamed vocals;electronic beats;anthemic choruses;genre-blending;angsty lyrics;melancholy mood;atmospheric textures;polished production;male vocals;English;2000s;2010s;2020s
Broken Social Scene,E,https://is1-ssl.mzstatic.com/image/thumb/AMCArtistImages211/v4/f6/16/bc/f616bc0a-0d3e-e6c5-a579-0d125ac1f547/ami-identity-42f40efbc5ff9bfc585f6a4cc55e572d-2026-01-09T00-14-43.972Z_cropped.png/400x400bb.jpg,apple-music,indie rock;post-rock;baroque pop;art rock;atmospheric textures;horn section;string arrangements;guitar-driven;dual vocals;male vocals;female vocals;Toronto;2000s;2010s
BROODS,D,https://is1-ssl.mzstatic.com/image/thumb/AMCArtistImages126/v4/ca/ca/3e/caca3e88-03a5-41c1-a450-7370b66d5b96/68e2adc3-0002-40b5-856e-3a677678f3dc_ami-identity-2daa69912429bda0fe071492753e5bc0-2023-04-20T21-54-34.239Z_cropped.png/400x400bb.jpg,apple-music,electropop;indie pop;trip hop;synth-driven;atmospheric textures;melancholy mood;breathy vocals;polished production;female vocals;New Zealand;duo;sibling act;2010s;2020s
Bullet For My Valentine,C,https://is1-ssl.mzstatic.com/image/thumb/AMCArtistImages221/v4/97/e2/db/97e2db1d-44f1-88f8-cd84-af89779f72bc/ami-identity-58b486372b084417d8d37feab322ff00-2025-08-04T16-20-28.142Z_cropped.png/400x400bb.jpg,apple-music,melodic metalcore;thrash metal;hard rock;breakdowns;screamed vocals;anthemic choruses;virtuosic playing;angsty lyrics;male vocals;Welsh;2000s;2010s
Carly Rae Jepsen,,https://is1-ssl.mzstatic.com/image/thumb/AMCArtistImages211/v4/47/2f/45/472f450a-65e5-60c2-be31-3d21125b63af/ami-identity-149dd175f384a8279f364156ab737208-2026-06-22T16-34-03.919Z_cropped.png/400x400bb.jpg,apple-music,dance-pop;electropop;synthpop;synth-driven;catchy hooks;four-on-the-floor beats;heartbreak lyrics;melancholy mood;polished production;female vocals;Canadian;solo act;2000s;2010s;2020s
Carpenters,D,https://is1-ssl.mzstatic.com/image/thumb/Features115/v4/ba/7e/bd/ba7ebd99-9986-475a-5aa8-76ef9589ccdc/mzl.dzmjtpic.jpg/400x400bb.jpg,apple-music,easy listening;adult contemporary;baroque pop;country pop;crooning vocals;vocal harmonies;orchestral arrangements;melancholy mood;polished production;female vocals;American;duo;sibling act;1970s
Cartel,B,https://is1-ssl.mzstatic.com/image/thumb/AMCArtistImages221/v4/67/c2/d2/67c2d2c0-c3c3-a15e-9a0b-1d92b78b86ab/ami-identity-1f35bf4de6a855f72cdf8d66e046ee7f-2026-05-22T05-37-43.559Z_cropped.png/400x400bb.jpg,apple-music,emo pop;power pop;anthemic choruses;catchy hooks;angsty lyrics;polished production;male vocals;American;2000s;Warped Tour
Cascada,E,https://is1-ssl.mzstatic.com/image/thumb/Features122/v4/39/3a/49/393a4982-bde6-1d63-909d-187dcbad0bcf/mzl.uexbiolt.jpg/400x400bb.jpg,apple-music,hands up;dance-pop;electronic beats;four-on-the-floor beats;party anthems;catchy hooks;high energy;polished production;female vocals;German;2000s;2010s
Cash Cash,D,https://is1-ssl.mzstatic.com/image/thumb/Features125/v4/3e/23/c5/3e23c573-4f2d-9fd8-33e8-fdf451d3f0d3/pr_source.png/400x400bb.jpg,apple-music,EDM;electropop;house;emo pop;electronic beats;four-on-the-floor beats;party anthems;catchy hooks;polished production;male vocals;New Jersey;2000s;2010s
Cattle Decapitation,E,https://is1-ssl.mzstatic.com/image/thumb/AMCArtistImages116/v4/47/c4/16/47c416a5-e44b-db14-bb6e-e2060300a637/f62b91fc-8f7b-47e9-89bc-3d3fcdcefa8d_ami-identity-57873184f24e256aeb499635e651e32b-2023-02-22T19-23-34.013Z_cropped.png/400x400bb.jpg,apple-music,goregrind;technical death metal;heavy riffs;breakneck tempos;screamed vocals;virtuosic playing;political lyrics;explicit lyrics;male vocals;San Diego;2000s;2010s;2020s
Chappell Roan,S,https://is1-ssl.mzstatic.com/image/thumb/AMCArtistImages221/v4/4d/41/7c/4d417c40-49bc-97c0-9134-46445259e221/ami-identity-e951cbe6257d56c0062ece492544e0ae-2025-07-31T16-22-20.291Z_cropped.png/400x400bb.jpg,apple-music,synthpop;dance-pop;indie pop;camp and flamboyant;queer themes;theatrical delivery;powerhouse vocals;catchy hooks;party anthems;masked or costumed;theatrical live shows;polished production;female vocals;American;solo act;2020s
Charli xcx,A,https://is1-ssl.mzstatic.com/image/thumb/AMCArtistImages221/v4/e4/9b/ce/e49bce72-8d64-ff52-8580-12c65d1a18db/ami-identity-cb4aed1ba5e50eba1e49f90cd4295ee2-2026-04-29T17-27-56.049Z_cropped.png/400x400bb.jpg,apple-music,hyperpop;electropop;dance-pop;electroclash;experimental pop;synth-driven;electronic beats;party anthems;explicit lyrics;polished production;genre-blending;queer themes;female vocals;English;solo act;2010s;2020s
Childish Gambino,C,https://is1-ssl.mzstatic.com/image/thumb/AMCArtistImages211/v4/cc/55/ab/cc55ab9b-f104-dc4a-c88f-1d6b62dcd8bd/fe082955-958c-4e14-b718-abf044bf8b44_ami-identity-7a871f163393eccb4db28a0d105243c2-2024-07-01T22-19-15.066Z_cropped.png/400x400bb.jpg,apple-music,hip hop;neo soul;funk;rapped verses;falsetto vocals;sample-based production;witty wordplay;political lyrics;genre-blending;explicit lyrics;male vocals;American;solo act;2010s;2020s
Chromeo,C,https://is1-ssl.mzstatic.com/image/thumb/AMCArtistImages116/v4/7c/a6/b2/7ca6b272-d413-06b7-e084-9c70ba2a8493/b946aa50-415b-4192-bd72-980bf08996fe_ami-identity-ba5f27192ad024029735b1db2f3d6d91-2023-10-04T00-25-00.927Z_cropped.png/400x400bb.jpg,apple-music,electro-funk;nu-disco;synthpop;four-on-the-floor beats;retro influences;falsetto vocals;witty wordplay;quirky and playful;prominent bass;male vocals;Montreal;duo;2000s;2010s
Chumbawamba,D,https://is1-ssl.mzstatic.com/image/thumb/Music125/v4/e0/a1/ef/e0a1ef4a-6aa6-f614-6351-05a348fd4b56/13UABIM57031.rgb.jpg/400x400bb.jpg,apple-music,anarcho-punk;art punk;alternative dance;folk punk;pop rock;political lyrics;sardonic humour;gang vocals;dual vocals;sample-based production;male vocals;female vocals;English;1990s;2000s
CHVRCHES,S,https://is1-ssl.mzstatic.com/image/thumb/AMCArtistImages116/v4/32/25/34/322534e7-2de6-62ef-c43a-cb38b4933edb/08b9f034-bf97-48ff-927c-3eb20ed3c527_ami-identity-2c5dbc8c2c347f5e7d80d8fe2be1db32-2023-08-18T21-47-20.572Z_cropped.png/400x400bb.jpg,apple-music,synthpop;electropop;indietronica;synth-driven;electronic beats;four-on-the-floor beats;anthemic choruses;catchy hooks;polished production;melancholy mood;female vocals;Glasgow;2010s;2020s
Circa Survive,,https://is1-ssl.mzstatic.com/image/thumb/Music125/v4/93/8c/de/938cde56-bf88-46f3-5b3e-04c7576a6476/pr_source.png/400x400bb.jpg,apple-music,post-hardcore;prog rock;emo;indie rock;falsetto vocals;atmospheric textures;angular guitars;melancholy mood;cinematic scope;confessional lyrics;male vocals;Philadelphia;2000s;2010s;2020s
ClownC0re,B,https://is1-ssl.mzstatic.com/image/thumb/Music124/v4/bc/34/52/bc3452e0-f306-89b9-de29-c6417ee6fa83/artwork.jpg/400x400bb.jpg,apple-music,grindcore;jazz fusion;experimental;electronic;virtuosic playing;instrumental;breakneck tempos;odd time signatures;noisy textures;genre-blending;masked or costumed;comedy;Los Angeles;duo;2010s;2020s
COBRAH,D,https://is1-ssl.mzstatic.com/image/thumb/AMCArtistImages211/v4/d5/2e/1c/d52e1c7d-9aa2-3605-dda1-954ce23244a0/ami-identity-852009cc428f1c5f9a624488e1a8711b-2025-10-28T17-50-28.289Z_cropped.png/400x400bb.jpg,apple-music,electropop;deconstructed club;hip house;industrial;explicit lyrics;queer themes;four-on-the-floor beats;electronic beats;party anthems;female vocals;Swedish;solo act;2010s;2020s
Coheed and Cambria,S,https://is1-ssl.mzstatic.com/image/thumb/AMCArtistImages211/v4/86/d4/4c/86d44c54-5dd2-f4b1-fd1c-0cbc6515cc28/ami-identity-ab27b32555ea976360b20c68f8dfec3a-2024-12-19T07-38-49.540Z_cropped.png/400x400bb.jpg,apple-music,progressive metal;emo;post-hardcore;concept albums;cinematic scope;virtuosic playing;heavy riffs;anthemic choruses;falsetto vocals;storytelling lyrics;male vocals;American;2000s;2010s;2020s
Cults,C,https://is1-ssl.mzstatic.com/image/thumb/AMCArtistImages126/v4/c6/a7/95/c6a79588-80ff-04c5-2a87-844ba0c0a412/be63c4c9-e374-44de-ba1c-c46811e0f9b5_ami-identity-8762617b8f828e315c4473edfb57a1cc-2023-09-20T18-54-01.778Z_cropped.png/400x400bb.jpg,apple-music,dream pop;twee pop;psychedelic pop;lo-fi production;atmospheric textures;retro influences;melancholy mood;breathy vocals;female vocals;New York;duo;2010s;2020s
Dan le Sac vs. Scroobius Pip,C,https://is1-ssl.mzstatic.com/image/thumb/Music/v4/32/57/dc/3257dcee-645d-5a9f-91ba-1e55ffc9da51/655035142029.jpg/400x400bb.jpg,apple-music,hip hop;electronic;spoken word;rapped verses;witty wordplay;political lyrics;sardonic humour;storytelling lyrics;sample-based production;electronic beats;male vocals;English;duo;2000s;2010s
Dance Gavin Dance,,https://is1-ssl.mzstatic.com/image/thumb/AMCArtistImages211/v4/bd/73/e4/bd73e4f7-1c8f-c3e7-3d0e-2df3352b2c2c/18a4c4bb-a0f0-40b8-b90a-248859fcef8e_ami-identity-9a953ba52b9b5cca30bb8661a90a751a-2024-05-10T16-13-35.576Z_cropped.png/400x400bb.jpg,apple-music,post-hardcore;math rock;emo;virtuosic playing;angular guitars;odd time signatures;falsetto vocals;screamed vocals;dual vocals;high energy;catchy hooks;genre-blending;male vocals;California;2000s;2010s;2020s
Dashboard Confessional,C,https://is1-ssl.mzstatic.com/image/thumb/AMCArtistImages211/v4/f6/ba/78/f6ba786c-5e1e-2281-4a71-29f8e41a13f0/ami-identity-03d8b6b2dc24a2c3709fbeac51365b64-2025-12-03T22-02-33.476Z_cropped.png/400x400bb.jpg,apple-music,emo;acoustic textures;confessional lyrics;angsty lyrics;melancholy mood;anthemic choruses;gang vocals;male vocals;American;solo act;2000s;Warped Tour
Dean Martin,E,https://is1-ssl.mzstatic.com/image/thumb/AMCArtistImages211/v4/5e/8e/f7/5e8ef702-6fa0-c9b9-4772-6ff399931420/ami-identity-b66b32efd7c7774869efc678b0c56b4b-2026-01-06T00-48-52.002Z_cropped.png/400x400bb.jpg,apple-music,easy listening;vocal jazz;big band;country pop;crooning vocals;orchestral arrangements;horn section;quirky and playful;male vocals;American;solo act;comedy;soundtrack work;1950s;1960s
Death Cab for Cutie,D,https://is1-ssl.mzstatic.com/image/thumb/AMCArtistImages221/v4/db/94/37/db943712-d602-e571-87a4-0947503d7be1/ami-identity-adcd500382b390c4e55f8ee3911a7624-2026-01-23T14-18-48.725Z_cropped.png/400x400bb.jpg,apple-music,indie rock;indie pop;emo;jangly guitars;melancholy mood;confessional lyrics;storytelling lyrics;atmospheric textures;lo-fi production;male vocals;Seattle;2000s;2010s
Depeche Mode,E,https://is1-ssl.mzstatic.com/image/thumb/AMCArtistImages112/v4/82/64/c0/8264c0fd-982c-39f5-9d9c-107a770d9854/d8732264-4180-4cd8-9e18-bde470f28ee1_ami-identity-44edb1225ab56981aa15e01311cd503c-2022-10-20T23-55-57.605Z_cropped.png/400x400bb.jpg,apple-music,synthpop;dark wave;industrial;alternative rock;synth-driven;electronic beats;atmospheric textures;melancholy mood;crooning vocals;male vocals;theatrical live shows;English;1980s;1990s
Dethklok,D,https://is1-ssl.mzstatic.com/image/thumb/AMCArtistImages221/v4/8d/06/75/8d0675ea-bffa-ad2d-36f3-b6207356fe1f/file_cropped.png/400x400bb.jpg,apple-music,melodic death metal;heavy riffs;breakneck tempos;screamed vocals;virtuosic playing;cinematic scope;concept albums;comedy;masked or costumed;soundtrack work;male vocals;American;2000s;2010s
Doechii,C,https://is1-ssl.mzstatic.com/image/thumb/AMCArtistImages221/v4/3c/04/2c/3c042c42-e11e-2d89-9ba4-68d758a0888a/fd4be4b0-2014-43d7-bbac-750d0275c3a0_ami-identity-0940409ff9680e463498614ed1682b9f-2024-08-28T18-53-24.428Z_cropped.png/400x400bb.jpg,apple-music,pop rap;R&B;rapped verses;witty wordplay;explicit lyrics;genre-blending;high energy;theatrical delivery;queer themes;female vocals;American;solo act;2020s
Dougal,D,https://is1-ssl.mzstatic.com/image/thumb/Music124/v4/b9/10/a7/b910a744-f9b9-4f78-c16d-9e7273486a16/5055283445715.jpg/400x400bb.jpg,apple-music,happy hardcore;rave;breakneck tempos;electronic beats;piano-driven;sample-based production;high energy;party anthems;instrumental;English;solo act;1990s;2000s
DragonForce,E,https://is1-ssl.mzstatic.com/image/thumb/AMCArtistImages211/v4/81/fb/0e/81fb0e5f-d2b4-e818-2650-e2d7c897a7f5/ami-identity-f1a6edbcf745788385ec3d51d527e77e-2026-05-06T14-15-32.375Z_cropped.png/400x400bb.jpg,apple-music,power metal;speed metal;progressive metal;virtuosic playing;breakneck tempos;heavy riffs;anthemic choruses;synth-driven;video game ties;male vocals;London;2000s;2010s
Dropkick Murphys,D,https://is1-ssl.mzstatic.com/image/thumb/AMCArtistImages221/v4/a5/ec/56/a5ec5644-1371-6371-9311-c057ffaa3d02/file_cropped.png/400x400bb.jpg,apple-music,Celtic punk;street punk;hardcore;folk instrumentation;gang vocals;anthemic choruses;political lyrics;storytelling lyrics;high energy;male vocals;Boston;1990s;2000s;2010s
Ellie Goulding,D,https://is1-ssl.mzstatic.com/image/thumb/AMCArtistImages221/v4/27/39/87/27398700-78f6-37e8-c0f4-3782fdff0a9c/ami-identity-481ed17acbda010ef60497462be34298-2026-06-02T16-02-21.956Z_cropped.png/400x400bb.jpg,apple-music,electropop;dance-pop;indie folk;synth-driven;electronic beats;breathy vocals;ethereal vocals;atmospheric textures;polished production;catchy hooks;female vocals;English;solo act;2010s;2020s
Elton John,D,https://is1-ssl.mzstatic.com/image/thumb/AMCArtistImages211/v4/4f/ca/ea/4fcaea20-0381-29e0-b639-231c7d8af62e/ami-identity-be894a77367574c0240cf63131f05229-2025-04-04T11-21-18.341Z_cropped.png/400x400bb.jpg,apple-music,piano rock;pop rock;soft rock;rock and roll;glam rock;piano-driven;orchestral arrangements;anthemic choruses;storytelling lyrics;crooning vocals;camp and flamboyant;masked or costumed;theatrical live shows;soundtrack work;male vocals;English;solo act;1970s;1980s;1990s
Emilie Autumn,D,https://is1-ssl.mzstatic.com/image/thumb/Features124/v4/8c/59/1a/8c591a07-8a76-b1f2-50a4-f6f462e97530/pr_source.png/400x400bb.jpg,apple-music,dark cabaret;industrial;classical influences;string arrangements;theatrical delivery;camp and flamboyant;confessional lyrics;concept albums;virtuosic playing;theatrical live shows;female vocals;Los Angeles;solo act;2000s;2010s
Eminem,D,https://is1-ssl.mzstatic.com/image/thumb/Features211/v4/53/6b/bf/536bbff9-a99a-992b-b89e-ee17c34300ea/mzl.qtabxeoc.jpg/400x400bb.jpg,apple-music,hardcore hip hop;pop rap;rapped verses;witty wordplay;explicit lyrics;storytelling lyrics;confessional lyrics;angsty lyrics;sardonic humour;breakneck tempos;sample-based production;male vocals;Detroit;solo act;1990s;2000s;2010s
Enya,D,https://is1-ssl.mzstatic.com/image/thumb/Features125/v4/7c/0f/a1/7c0fa1e6-0565-e94b-bc8a-8c324a0c2335/mzl.ostiyhxd.jpg/400x400bb.jpg,apple-music,new age;Celtic folk;ambient;ethereal vocals;vocal harmonies;atmospheric textures;orchestral arrangements;non-English lyrics;polished production;female vocals;Irish;solo act;1980s;1990s;2000s
EURINGER,C,https://is1-ssl.mzstatic.com/image/thumb/Music118/v4/9b/f9/cc/9bf9cc2f-4950-845c-f26b-2136aeba1d67/782388111669_Cover.jpg/400x400bb.jpg,apple-music,electropunk;industrial rock;synthpop;synth-driven;electronic beats;explicit lyrics;sardonic humour;quirky and playful;male vocals;New York;solo act;side project;2010s
Evanescence,E,https://is1-ssl.mzstatic.com/image/thumb/AMCArtistImages221/v4/b9/f8/05/b9f805c9-8a18-36c9-c07f-bece3de2db39/file_cropped.png/400x400bb.jpg,apple-music,gothic metal;symphonic metal;nu metal;piano-driven;heavy riffs;powerhouse vocals;orchestral arrangements;melancholy mood;atmospheric textures;female vocals;American;2000s;2010s
Eve 6,C,https://is1-ssl.mzstatic.com/image/thumb/AMCArtistImages211/v4/8a/d2/db/8ad2dbf7-17d6-77cc-20ae-475716be1fe6/715bab7a-9a07-47e1-a49d-5233acb91ef7_ami-identity-b99c700b2eb3d35534194f0c526e7c99-2024-09-30T18-16-22.798Z_cropped.png/400x400bb.jpg,apple-music,post-grunge;pop punk;distorted guitars;catchy hooks;angsty lyrics;witty wordplay;male vocals;Los Angeles;1990s;2000s
Fall Out Boy,B,https://is1-ssl.mzstatic.com/image/thumb/AMCArtistImages123/v4/53/ea/13/53ea1398-3c7f-addb-9373-3fc63048b318/1fa85529-2c36-4928-933b-17a2d15afeb7_ami-identity-21187399153a680bbb3449e7ce920172-2023-01-18T15-10-56.952Z_cropped.png/400x400bb.jpg,apple-music,emo pop;electropop;anthemic choruses;catchy hooks;witty wordplay;distorted guitars;angsty lyrics;polished production;theatrical delivery;male vocals;Chicago;2000s;2010s;2020s;Warped Tour
Family Force 5,C,https://is1-ssl.mzstatic.com/image/thumb/AMCArtistImages221/v4/7f/75/1b/7f751b57-408a-fcb8-12f1-6a154df34ec7/ami-identity-9e7b321682650cd47ddb8c570ff063cc-2026-02-19T23-17-33.146Z_cropped.png/400x400bb.jpg,apple-music,crunkcore;Christian rock;electropop;electronic beats;party anthems;high energy;screamed vocals;rapped verses;quirky and playful;male vocals;Atlanta;2000s;2010s
First Aid Kit,A,https://is1-ssl.mzstatic.com/image/thumb/AMCArtistImages211/v4/34/c8/56/34c856e6-ff66-6201-b4df-b1144d73bb77/cccef57f-f4e8-4cda-9963-eab1744c8cc6_ami-identity-af1fadb18d795ebaed0cc1e892006974-2024-07-23T18-08-19.423Z_cropped.png/400x400bb.jpg,apple-music,indie folk;Americana;acoustic textures;folk instrumentation;string arrangements;vocal harmonies;female vocals;melancholy mood;storytelling lyrics;Stockholm;duo;sibling act;2010s;2020s
FKA twigs,C,https://is1-ssl.mzstatic.com/image/thumb/AMCArtistImages211/v4/83/2a/e0/832ae0a6-c805-c77f-f323-fe7f4f83f154/ami-identity-263f44f93d85f2ecfe4fd41e2976277c-2026-02-03T23-11-00.565Z_cropped.png/400x400bb.jpg,apple-music,art pop;experimental pop;trip hop;alternative R&B;techno;atmospheric textures;breathy vocals;ethereal vocals;electronic beats;sample-based production;theatrical delivery;melancholy mood;female vocals;English;solo act;2010s;2020s
Fleetwood Mac,E,https://is1-ssl.mzstatic.com/image/thumb/Features115/v4/1d/51/17/1d5117c7-86de-3075-487c-bbfd06ed4b52/mza_8192933590323373427.png/400x400bb.jpg,apple-music,blues rock;soft rock;pop rock;art pop;vocal harmonies;guitar-driven;melancholy mood;storytelling lyrics;polished production;dual vocals;female vocals;male vocals;London;1970s;1980s
Flogging Molly,C,https://is1-ssl.mzstatic.com/image/thumb/Music126/v4/e8/d4/99/e8d499ae-e03f-bd99-d207-9bd61261e66e/pr_source.png/400x400bb.jpg,apple-music,Celtic punk;folk instrumentation;gang vocals;anthemic choruses;high energy;storytelling lyrics;political lyrics;male vocals;Los Angeles;1990s;2000s;2010s;Warped Tour
Florence and The Machine,D,https://is1-ssl.mzstatic.com/image/thumb/AMCArtistImages211/v4/e3/34/00/e3340015-2eea-8e3b-de17-22b175f15f6a/ami-identity-5e67cf4707105e30d7f452b1de6f19e5-2025-08-19T10-57-53.200Z_cropped.png/400x400bb.jpg,apple-music,baroque pop;art pop;indie rock;powerhouse vocals;orchestral arrangements;theatrical delivery;atmospheric textures;anthemic choruses;melancholy mood;female vocals;London;2000s;2010s;2020s
Forever the Sickest Kids,E,https://is1-ssl.mzstatic.com/image/thumb/Features125/v4/7f/49/56/7f495627-b52a-e18f-ba2d-d8db09fae7c6/mzl.sgfqmtkp.jpg/400x400bb.jpg,apple-music,neon pop punk;emo pop;power pop;synth-driven;catchy hooks;anthemic choruses;angsty lyrics;high energy;male vocals;American;2000s;2010s;Warped Tour
Fountains of Wayne,E,https://is1-ssl.mzstatic.com/image/thumb/Features115/v4/fc/10/7b/fc107b09-dad0-0ebe-26ae-e2b1974c03e5/mza_12713899127245470222.jpg/400x400bb.jpg,apple-music,power pop;pop punk;indie pop;jangly guitars;catchy hooks;witty wordplay;storytelling lyrics;sardonic humour;vocal harmonies;male vocals;New York;1990s;2000s
Foxing,,https://is1-ssl.mzstatic.com/image/thumb/Features125/v4/a1/78/91/a178918c-5ff8-a033-9f5c-ff118732d9c8/pr_source.png/400x400bb.jpg,apple-music,midwest emo;indie rock;post-rock;post-hardcore;math rock;atmospheric textures;angular guitars;synth-driven;falsetto vocals;melancholy mood;confessional lyrics;cinematic scope;male vocals;St. Louis;2010s;2020s
Frank Sinatra,D,https://is1-ssl.mzstatic.com/image/thumb/Features125/v4/8b/78/6c/8b786c35-57e8-baa8-b3a2-ced18ac9d602/mza_1777275275048889965.png/400x400bb.jpg,apple-music,easy listening;vocal jazz;swing;crooning vocals;orchestral arrangements;horn section;storytelling lyrics;melancholy mood;soundtrack work;male vocals;New Jersey;solo act;1950s;1960s
Franz Ferdinand,,https://is1-ssl.mzstatic.com/image/thumb/Features221/v4/8e/f9/89/8ef989d7-09e7-99ef-c6ea-e25c72e60ffd/mzl.amybjfen.jpg/400x400bb.jpg,apple-music,post-punk revival;dance-punk;indie rock;art rock;angular guitars;danceable grooves;catchy hooks;anthemic choruses;high energy;witty wordplay;sardonic humour;prominent bass;male vocals;Glasgow;2000s;2010s;2020s
Fun.,D,https://is1-ssl.mzstatic.com/image/thumb/Features125/v4/af/ec/d5/afecd5d8-e84b-b95c-57f4-2ddc17a789d7/mzl.lkhroljc.jpg/400x400bb.jpg,apple-music,indie pop;baroque pop;pop rock;anthemic choruses;theatrical delivery;vocal harmonies;orchestral arrangements;catchy hooks;polished production;male vocals;New York;2010s
Garbage,D,https://is1-ssl.mzstatic.com/image/thumb/AMCArtistImages211/v4/fd/b2/62/fdb262c0-6436-30ff-09a0-78605a7d91cd/ami-identity-f966a7d9af844f70c40999f50700f2e7-2025-04-15T14-02-09.019Z_cropped.png/400x400bb.jpg,apple-music,industrial rock;trip hop;alternative dance;distorted guitars;electronic beats;atmospheric textures;polished production;melancholy mood;female vocals;American;1990s;2000s
Gatsbys American Dream,C,https://is1-ssl.mzstatic.com/image/thumb/Music/v4/17/ab/2c/17ab2cdd-3b66-1e2e-682f-f0d24fcc4027/859712008916_cover.tif/400x400bb.jpg,apple-music,indie rock;post-hardcore;emo;concept albums;angular guitars;witty wordplay;storytelling lyrics;male vocals;Seattle;2000s
Ghost,,https://is1-ssl.mzstatic.com/image/thumb/AMCArtistImages211/v4/8c/c3/76/8cc376ff-f617-ef6d-c183-ec74eca73919/ami-identity-98c9d70b1188e46f77e54bcd8ad4e255-2025-03-05T18-35-49.431Z_cropped.png/400x400bb.jpg,apple-music,hard rock;metal;psychedelic rock;pop rock;heavy riffs;anthemic choruses;catchy hooks;crooning vocals;theatrical delivery;camp and flamboyant;concept albums;male vocals;masked or costumed;theatrical live shows;Swedish;2010s;2020s
girl in red,C,https://is1-ssl.mzstatic.com/image/thumb/AMCArtistImages211/v4/89/f2/ed/89f2ed84-7765-4d98-d01a-3385677f2dc0/ami-identity-b1d035a2d097d1a60dd6785d5d820ba8-2025-02-28T18-02-39.974Z_cropped.png/400x400bb.jpg,apple-music,bedroom pop;indie rock;dream pop;lo-fi production;confessional lyrics;queer themes;melancholy mood;jangly guitars;female vocals;Norwegian;solo act;2010s;2020s
Girl Talk,C,https://is1-ssl.mzstatic.com/image/thumb/Features115/v4/6d/9f/a0/6d9fa06c-f5b7-9c99-54f3-7ad0fde7cc26/pr_source.png/400x400bb.jpg,apple-music,mashup;hip hop;sample-based production;danceable grooves;party anthems;genre-blending;instrumental;high energy;American;solo act;2000s;2010s
girugämesh,E,https://is1-ssl.mzstatic.com/image/thumb/Features124/v4/9e/c0/37/9ec0378c-cbf3-dca8-6c19-a9900313bdfe/mzl.wrqfelgm.jpg/400x400bb.jpg,apple-music,nu metal;metalcore;industrial rock;visual kei;heavy riffs;screamed vocals;electronic beats;non-English lyrics;masked or costumed;male vocals;Japanese;2000s;2010s
Gogol Bordello,E,https://is1-ssl.mzstatic.com/image/thumb/Music112/v4/21/e7/f9/21e7f984-8e72-c23f-0202-751c9f385824/pr_source.png/400x400bb.jpg,apple-music,gypsy punk;Latin rock;dub;polka;folk instrumentation;gang vocals;high energy;political lyrics;non-English lyrics;theatrical live shows;male vocals;New York;2000s;2010s
Goldfinger,D,https://is1-ssl.mzstatic.com/image/thumb/AMCArtistImages221/v4/2f/8c/51/2f8c51b6-0e91-19bd-d495-733be395b4c9/ami-identity-66848f90095ba5bba807574bd6f67956-2026-02-16T16-48-42.230Z_cropped.png/400x400bb.jpg,apple-music,ska punk;pop punk;horn section;anthemic choruses;high energy;sardonic humour;male vocals;Los Angeles;1990s;2000s;Warped Tour
Goo Goo Dolls,C,https://is1-ssl.mzstatic.com/image/thumb/AMCArtistImages211/v4/aa/e3/2c/aae32ca2-baa3-0975-fc6a-99d8161710ea/ami-identity-ad30b1038459e9b90e3987b32156e99d-2025-01-06T22-37-58.182Z_cropped.png/400x400bb.jpg,apple-music,post-grunge;power pop;pop punk;jangly guitars;anthemic choruses;acoustic textures;melancholy mood;catchy hooks;male vocals;American;1990s;2000s
Gracie Abrams,B,https://is1-ssl.mzstatic.com/image/thumb/AMCArtistImages211/v4/c2/89/47/c289478c-09c9-2268-ab7f-86516a51aa4b/ami-identity-d38fed2c45e9286f6f86194eca60e265-2026-05-11T17-12-15.544Z_cropped.png/400x400bb.jpg,apple-music,bedroom pop;folk pop;indie folk;singer-songwriter;acoustic textures;confessional lyrics;melancholy mood;breathy vocals;lo-fi production;female vocals;Los Angeles;solo act;2020s
Green Day,C,https://is1-ssl.mzstatic.com/image/thumb/AMCArtistImages116/v4/25/35/39/253539f6-efcb-11c1-f11d-0329af780e6a/63b3a478-9e5e-4d7b-a9cf-ca9f5b2449c3_ami-identity-890469d04c5b60a2a29907f0e4ab0130-2023-10-24T12-52-33.834Z_cropped.png/400x400bb.jpg,apple-music,pop punk;skate punk;power pop;alternative rock;distorted guitars;anthemic choruses;catchy hooks;breakneck tempos;political lyrics;angsty lyrics;sardonic humour;concept albums;high energy;male vocals;San Francisco;1990s;2000s;2010s
Grouplove,D,https://is1-ssl.mzstatic.com/image/thumb/AMCArtistImages126/v4/19/76/08/19760879-cda8-53e5-40eb-c2d3329fd186/da06b213-f42e-4379-b53a-49cbaa9a77c6_ami-identity-e990d887ba469dd64f660abd20fa873b-2023-03-21T20-40-04.887Z_cropped.png/400x400bb.jpg,apple-music,indie pop;alternative dance;electropop;anthemic choruses;catchy hooks;high energy;quirky and playful;dual vocals;male vocals;female vocals;Los Angeles;2010s;2020s
H.I.M.,C,https://is1-ssl.mzstatic.com/image/thumb/Music128/v4/7d/ae/88/7dae8881-e1a4-091b-6ad5-f43784ee3484/888915590515_cover.jpg/400x400bb.jpg,apple-music,love metal;alternative rock;heavy riffs;crooning vocals;melancholy mood;atmospheric textures;anthemic choruses;male vocals;Finnish;1990s;2000s;2010s
Halsey,B,https://is1-ssl.mzstatic.com/image/thumb/AMCArtistImages211/v4/48/81/9e/48819e03-33f3-57dc-6b5b-39142ad53b63/ami-identity-c1209b76097b770cd43ee5d64f18c2e8-2024-10-25T22-38-30.611Z_cropped.png/400x400bb.jpg,apple-music,electropop;alternative rock;alternative R&B;indie pop;synth-driven;confessional lyrics;melancholy mood;queer themes;explicit lyrics;powerhouse vocals;polished production;female vocals;New Jersey;solo act;2010s;2020s
Harry Belafonte,E,https://is1-ssl.mzstatic.com/image/thumb/Features115/v4/e7/e3/f7/e7e3f787-b2b7-aedb-29ca-1938c80069b7/mzl.sifmzcmp.jpg/400x400bb.jpg,apple-music,mento;folk pop;traditional pop;storytelling lyrics;political lyrics;horn section;vocal harmonies;crooning vocals;non-English lyrics;male vocals;New York;solo act;1950s;1960s
Hawthorne Heights,C,https://is1-ssl.mzstatic.com/image/thumb/AMCArtistImages221/v4/56/53/2b/56532b01-15d3-5823-9ce7-ebc8fef8a683/ami-identity-83103043bca9734df4aac109d0d3122f-2025-06-12T20-45-32.101Z_cropped.png/400x400bb.jpg,apple-music,screamo;emo pop;screamed vocals;dual vocals;angsty lyrics;melancholy mood;distorted guitars;male vocals;American;2000s;2010s;Warped Tour
Hayley Williams,E,https://is1-ssl.mzstatic.com/image/thumb/AMCArtistImages211/v4/92/3a/ee/923aee59-94e6-8483-a7cd-068f2cb11dc9/ami-identity-563fff8b16611d062749e914c7490e7e-2025-07-30T14-49-14.726Z_cropped.png/400x400bb.jpg,apple-music,art pop;indie folk;alternative rock;synthpop;confessional lyrics;melancholy mood;powerhouse vocals;atmospheric textures;lo-fi production;female vocals;Nashville;solo act;side project;2020s
Heilung,D,https://is1-ssl.mzstatic.com/image/thumb/Music115/v4/f1/46/99/f14699d8-4ba8-8ef1-b159-2cb772bc9c35/192562090886.jpg/400x400bb.jpg,apple-music,pagan folk;ambient;industrial;non-English lyrics;folk instrumentation;choral vocals;atmospheric textures;historical themes;theatrical live shows;masked or costumed;dual vocals;male vocals;female vocals;Danish;2010s;2020s
hellogoodbye,B,https://is1-ssl.mzstatic.com/image/thumb/Music125/v4/d9/4c/ce/d94cceb5-2ee9-5444-c44e-e2c6f9846356/pr_source.png/400x400bb.jpg,apple-music,indie pop;power pop;emo pop;synth-driven;electronic beats;catchy hooks;quirky and playful;male vocals;Orange County;2000s;2010s;Warped Tour
Hixxy,D,https://is1-ssl.mzstatic.com/image/thumb/Music221/v4/e9/5a/b8/e95ab8c6-3cb6-7ee3-c3a6-b3aa492ba990/bdeb915d-9a09-40f1-9bf3-b4680e1fbc00.jpg/400x400bb.jpg,apple-music,happy hardcore;rave;breakneck tempos;electronic beats;piano-driven;sample-based production;high energy;party anthems;anthemic choruses;English;solo act;1990s;2000s
Hollywood Undead,C,https://is1-ssl.mzstatic.com/image/thumb/AMCArtistImages221/v4/47/2c/be/472cbe50-73e5-52c9-3f0b-e63797689765/ami-identity-3f7355af245642647eb1d93892ea0f46-2026-03-11T15-40-42.569Z_cropped.png/400x400bb.jpg,apple-music,rap rock;nu metal;rapped verses;screamed vocals;heavy riffs;explicit lyrics;party anthems;gang vocals;masked or costumed;male vocals;Los Angeles;2000s;2010s;2020s
Hot Hot Heat,B,https://is1-ssl.mzstatic.com/image/thumb/Features125/v4/d2/d7/c3/d2d7c3f2-d37e-05dd-99ed-838972bcedf8/pr_source.png/400x400bb.jpg,apple-music,dance-punk;post-punk revival;indie rock;art punk;angular guitars;synth-driven;high energy;catchy hooks;male vocals;Canadian;2000s;2010s
Ida Maria,D,https://is1-ssl.mzstatic.com/image/thumb/Music124/v4/26/0b/3b/260b3b70-e2ce-af79-a10f-da0ce2f628d8/cover.jpg/400x400bb.jpg,apple-music,indie rock;punk rock;garage rock;distorted guitars;powerhouse vocals;high energy;angsty lyrics;confessional lyrics;female vocals;Norwegian;solo act;2000s;2010s
Imogen Heap,B,https://is1-ssl.mzstatic.com/image/thumb/AMCArtistImages221/v4/19/26/98/192698a1-3daf-4436-744b-815c5556364d/ami-identity-497bf3a2487f295465ed4c0d84da3f57-2024-11-01T09-41-37.944Z_cropped.png/400x400bb.jpg,apple-music,art pop;electropop;indietronica;alternative rock;synth-driven;electronic beats;ethereal vocals;vocal harmonies;atmospheric textures;female vocals;London;solo act;2000s;2010s
Ingrid Michaelson,D,https://is1-ssl.mzstatic.com/image/thumb/AMCArtistImages221/v4/fa/db/62/fadb62e5-5544-47f7-8c08-81a5f722cf35/11df8d68-3ab0-4b8b-9e9d-02a114ab245e_ami-identity-87de1418933e4e875d56502d84d11cbd-2024-05-23T03-53-10.532Z_cropped.png/400x400bb.jpg,apple-music,folk pop;indie pop;indie folk;singer-songwriter;ukulele;piano-driven;witty wordplay;storytelling lyrics;confessional lyrics;vocal harmonies;female vocals;New York;solo act;2000s;2010s
Jack's Mannequin,D,https://is1-ssl.mzstatic.com/image/thumb/Features125/v4/6b/4e/06/6b4e0606-dcf1-8d01-7e8b-bf9d930ce6b7/mzl.okrrihhr.jpg/400x400bb.jpg,apple-music,piano rock;emo pop;piano-driven;catchy hooks;anthemic choruses;confessional lyrics;storytelling lyrics;melancholy mood;concept albums;male vocals;Orange County;side project;solo act;2000s;2010s
Jax,B,https://is1-ssl.mzstatic.com/image/thumb/AMCArtistImages126/v4/73/02/ce/7302ce22-4f5a-2b4b-96fe-7eb216e774bf/0bc92143-caf3-4c2a-88fc-f8bda96e8eaa_ami-identity-11585e6f575b948e861392b14710ebd8-2023-04-03T15-30-08.587Z_cropped.png/400x400bb.jpg,apple-music,pop;singer-songwriter;acoustic textures;witty wordplay;storytelling lyrics;confessional lyrics;catchy hooks;sardonic humour;viral breakout;female vocals;Long Island;New Jersey;solo act;2010s;2020s
Jet Set Radio Future,C,https://en.wikipedia.org/wiki/Special:FilePath/JetSetRadioFuturebox.jpg?width=400,wikipedia,shibuya-kei;funk;hip hop;electronic;sample-based production;danceable grooves;electronic beats;instrumental;genre-blending;soundtrack work;video game ties;Japanese;2000s
Jettingham,C,https://is1-ssl.mzstatic.com/image/thumb/Music128/v4/58/df/81/58df816f-f945-cb5d-a2bb-770bab455506/00044001479724.rgb.jpg/400x400bb.jpg,apple-music,pop punk;power pop;alternative rock;distorted guitars;catchy hooks;anthemic choruses;angsty lyrics;male vocals;American;soundtrack work;1990s;2000s
Jimmy Eat World,C,https://is1-ssl.mzstatic.com/image/thumb/AMCArtistImages211/v4/50/88/9a/50889a4a-8818-77a4-90a1-5b9b1e683819/ami-identity-8c47cb73368663919089a9e53c098c8d-2026-02-10T14-52-55.522Z_cropped.png/400x400bb.jpg,apple-music,emo pop;power pop;anthemic choruses;catchy hooks;distorted guitars;melancholy mood;confessional lyrics;male vocals;American;1990s;2000s;2010s
Katamari Damacy,C,https://is1-ssl.mzstatic.com/image/thumb/Music211/v4/3f/7f/f9/3f7ff91e-2015-7fad-67dc-d707930e7f6e/dj.wjftekvx.jpg/400x400bb.jpg,apple-music,shibuya-kei;jazz fusion;funk;genre-blending;quirky and playful;danceable grooves;horn section;vocal harmonies;non-English lyrics;female vocals;male vocals;soundtrack work;video game ties;Japanese;2000s
Kate Nash,D,https://is1-ssl.mzstatic.com/image/thumb/AMCArtistImages221/v4/c2/06/bd/c206bd32-5d84-0c88-5fc8-220fed617e54/ami-identity-83cc7ac24a79fd8a3327d8d43a2f7eb7-2026-04-09T18-32-55.493Z_cropped.png/400x400bb.jpg,apple-music,indie pop;garage punk;alternative rock;piano-driven;witty wordplay;sardonic humour;storytelling lyrics;explicit lyrics;quirky and playful;female vocals;London;solo act;2000s;2010s
Kesha,,https://is1-ssl.mzstatic.com/image/thumb/AMCArtistImages221/v4/e6/10/94/e6109439-b75a-3a18-0481-61db88a09731/ami-identity-072036b0bcbd7e6a5dfe255f05752c0d-2025-03-26T19-35-55.999Z_cropped.png/400x400bb.jpg,apple-music,dance-pop;electropop;pop rap;party anthems;catchy hooks;four-on-the-floor beats;explicit lyrics;rapped verses;sardonic humour;high energy;camp and flamboyant;powerhouse vocals;confessional lyrics;polished production;female vocals;Los Angeles;solo act;2000s;2010s;2020s
Kid Cudi,,https://is1-ssl.mzstatic.com/image/thumb/AMCArtistImages221/v4/0a/43/7d/0a437d15-a2c8-4890-9ddb-746dea218746/ami-identity-96b8e39dbe135735c199501a95988097-2025-05-23T01-20-00.622Z_cropped.png/400x400bb.jpg,apple-music,alternative hip hop;pop rap;neo-psychedelia;trip hop;rapped verses;melancholy mood;confessional lyrics;atmospheric textures;explicit lyrics;male vocals;American;solo act;2000s;2010s;2020s
Kids of 88,B,https://is1-ssl.mzstatic.com/image/thumb/Features/v4/34/6b/1f/346b1f90-0214-197b-0d7c-d7956f93bfb8/mzl.injyghhc.jpg/400x400bb.jpg,apple-music,electropop;synthpop;indietronica;alternative dance;synth-driven;electronic beats;danceable grooves;catchy hooks;male vocals;New Zealand;duo;2010s
Knocked Loose,B,https://is1-ssl.mzstatic.com/image/thumb/AMCArtistImages122/v4/89/a8/80/89a880b5-f17a-102a-4d01-ca32c71d3915/babd43d8-bf8a-4b55-8a3a-0a06539e51cb_ami-identity-1b294f1dea84017fd5f4efd6a136b6d9-2024-02-27T13-38-26.452Z_cropped.png/400x400bb.jpg,apple-music,beatdown hardcore;metalcore;breakdowns;screamed vocals;breakneck tempos;angsty lyrics;high energy;male vocals;American;2010s;2020s
KNOWER,B,https://is1-ssl.mzstatic.com/image/thumb/Features115/v4/4a/0b/ba/4a0bba54-e3bc-132d-3b7f-65135104b745/pr_source.png/400x400bb.jpg,apple-music,acid jazz;indietronica;experimental pop;virtuosic playing;odd time signatures;prominent bass;danceable grooves;electronic beats;genre-blending;female vocals;Los Angeles;duo;2010s;2020s
Korn,C,https://is1-ssl.mzstatic.com/image/thumb/Music126/v4/52/55/c9/5255c913-186a-f7ff-42bd-e1347cd4056f/pr_source.png/400x400bb.jpg,apple-music,nu metal;heavy riffs;screamed vocals;angsty lyrics;explicit lyrics;melancholy mood;prominent bass;male vocals;American;1990s;2000s
L.S. Dunes,,https://is1-ssl.mzstatic.com/image/thumb/AMCArtistImages211/v4/9b/49/2c/9b492c80-29eb-7e10-c9a0-56fbc5aa7560/ami-identity-544d625d7853d89e4014c1bbcb717950-2024-10-15T19-47-12.467Z_cropped.png/400x400bb.jpg,apple-music,post-hardcore;emo;anthemic choruses;distorted guitars;falsetto vocals;angsty lyrics;melancholy mood;atmospheric textures;confessional lyrics;male vocals;American;supergroup;side project;2020s
La Roux,E,https://is1-ssl.mzstatic.com/image/thumb/AMCArtistImages211/v4/ae/bc/0d/aebc0dc7-3b61-258a-aa55-ca4128fada7e/ami-identity-e3dbfa11034a3426e7d3d56164525ed1-2026-05-06T17-49-20.586Z_cropped.png/400x400bb.jpg,apple-music,synthpop;electropop;synth-driven;falsetto vocals;retro influences;catchy hooks;danceable grooves;queer themes;female vocals;London;solo act;2000s;2010s
Lady Gaga,S,https://is1-ssl.mzstatic.com/image/thumb/Features221/v4/06/94/0f/06940f31-52a4-c770-0169-0bc7f408370f/mza_9050954679593070613.png/400x400bb.jpg,apple-music,dance-pop;electropop;synthpop;art pop;nu-disco;jazz;traditional pop;catchy hooks;powerhouse vocals;four-on-the-floor beats;party anthems;polished production;theatrical delivery;camp and flamboyant;queer themes;female vocals;masked or costumed;theatrical live shows;soundtrack work;solo act;New York;2000s;2010s;2020s
Lana Del Rey,A,https://is1-ssl.mzstatic.com/image/thumb/AMCArtistImages112/v4/99/da/66/99da66c2-f540-8406-0646-c95c85d64d04/e3d84d5f-c5b1-4769-8610-c0702bf35962_ami-identity-d8b71c87e7bea71100eb76a0935c9fa0-2022-12-12T15-36-57.679Z_cropped.png/400x400bb.jpg,apple-music,baroque pop;dream pop;art pop;trip hop;atmospheric textures;melancholy mood;breathy vocals;string arrangements;retro influences;storytelling lyrics;cinematic scope;female vocals;New York;solo act;2010s;2020s
LANDMVRKS,C,https://is1-ssl.mzstatic.com/image/thumb/AMCArtistImages211/v4/77/dd/71/77dd71e7-3af5-2378-b1e8-4e070bbe48a2/ami-identity-0d3d6482c9bfe36ad2d0a79b944d343f-2026-03-26T13-52-45.195Z_cropped.png/400x400bb.jpg,apple-music,metalcore;nu metal;post-hardcore;breakdowns;screamed vocals;atmospheric textures;anthemic choruses;angsty lyrics;male vocals;French;2010s;2020s
Left to Suffer,E,https://is1-ssl.mzstatic.com/image/thumb/AMCArtistImages211/v4/4f/49/dd/4f49ddf6-fd35-2bc4-ef26-bd086688dec4/ami-identity-6c5880e8fed2c190fe804ed0136d95bf-2026-06-10T22-12-37.104Z_cropped.png/400x400bb.jpg,apple-music,deathcore;nu metal;beatdown hardcore;breakdowns;screamed vocals;angsty lyrics;high energy;male vocals;Atlanta;2010s;2020s
Liam and Me,B,https://is1-ssl.mzstatic.com/image/thumb/Music126/v4/1d/4e/af/1d4eaf0e-5631-282f-ea5d-0da2ed86f536/artwork.jpg/400x400bb.jpg,apple-music,post-hardcore;pop punk;anthemic choruses;distorted guitars;angsty lyrics;screamed vocals;male vocals;Philadelphia;2010s
Lights,E,https://is1-ssl.mzstatic.com/image/thumb/AMCArtistImages211/v4/11/f1/b1/11f1b1b9-ce67-6bd8-b0c0-521efc759aca/ami-identity-be40be3e998f7326ef9cc8914c5c8fb0-2026-01-30T04-28-12.702Z_cropped.png/400x400bb.jpg,apple-music,electropop;synthpop;indie pop;synth-driven;electronic beats;ethereal vocals;catchy hooks;atmospheric textures;female vocals;Canadian;solo act;2000s;2010s;2020s
Linkin Park,A,https://is1-ssl.mzstatic.com/image/thumb/AMCArtistImages221/v4/ba/91/04/ba91045f-f613-c7a2-e1da-3195779b40a0/ami-identity-640bb7a837fee9170cc487c37709e42e-2026-03-08T16-34-26.425Z_cropped.png/400x400bb.jpg,apple-music,nu metal;rap rock;electronic beats;heavy riffs;screamed vocals;rapped verses;anthemic choruses;angsty lyrics;melancholy mood;atmospheric textures;dual vocals;male vocals;Los Angeles;2000s;2010s;2020s
Lostprophets,C,https://is1-ssl.mzstatic.com/image/thumb/Features115/v4/6b/be/3f/6bbe3fe0-b3ed-a882-2fdc-84a5c1108c73/pr_source.png/400x400bb.jpg,apple-music,nu metal;post-hardcore;emo pop;heavy riffs;anthemic choruses;angsty lyrics;screamed vocals;male vocals;Welsh;2000s;2010s
Louis Cole,D,https://is1-ssl.mzstatic.com/image/thumb/AMCArtistImages211/v4/b9/17/68/b917682c-824b-72d4-0d77-bbd9741b4e0f/6ec07f4d-dae8-4de3-90db-ab0cf7d06cec_ami-identity-7cd15a2f19b5b2b3ad5b9e8297cf6e67-2024-06-07T16-03-52.885Z_cropped.png/400x400bb.jpg,apple-music,acid jazz;experimental pop;indietronica;virtuosic playing;odd time signatures;prominent bass;lo-fi production;quirky and playful;danceable grooves;male vocals;Los Angeles;solo act;2010s;2020s
Loveless,C,https://is1-ssl.mzstatic.com/image/thumb/AMCArtistImages221/v4/a9/e2/75/a9e27554-0bf8-8a62-596f-12a1ee49926c/file_cropped.png/400x400bb.jpg,apple-music,pop punk;emo;distorted guitars;anthemic choruses;angsty lyrics;catchy hooks;male vocals;Los Angeles;2010s;2020s
Lykke Li,C,https://is1-ssl.mzstatic.com/image/thumb/AMCArtistImages211/v4/f5/ab/68/f5ab68ae-02eb-4634-b459-99ee20b90bfc/ami-identity-8d49864560206227139cef0b12784c7b-2026-02-12T21-35-44.762Z_cropped.png/400x400bb.jpg,apple-music,dream pop;art pop;electropop;dance-pop;atmospheric textures;lo-fi production;melancholy mood;heartbreak lyrics;breathy vocals;female vocals;Swedish;solo act;2000s;2010s;2020s
M83,D,https://is1-ssl.mzstatic.com/image/thumb/AMCArtistImages123/v4/89/5f/53/895f5388-b6e4-4b5b-833b-977e406582af/bf201898-6f3b-41e5-a91a-5a32ac5175de_ami-identity-9fbf3f2aca0630ee6597fb5f1ad98bad-2023-01-23T22-40-08.602Z_cropped.png/400x400bb.jpg,apple-music,dream pop;shoegaze;synthpop;post-rock;ambient;indietronica;atmospheric textures;synth-driven;cinematic scope;ethereal vocals;soundtrack work;instrumental;male vocals;French;2000s;2010s
Magdalena Bay,,https://is1-ssl.mzstatic.com/image/thumb/AMCArtistImages221/v4/23/9c/74/239c74a6-b26b-e2ae-87f3-7e40935eb565/ami-identity-e1488d4f9f06842da74c7247f08fface-2025-09-26T15-42-31.157Z_cropped.png/400x400bb.jpg,apple-music,synthpop;electropop;experimental pop;neo-psychedelia;synth-driven;electronic beats;catchy hooks;psychedelic touches;atmospheric textures;concept albums;genre-blending;polished production;female vocals;American;duo;2010s;2020s
Marilyn Manson,E,https://is1-ssl.mzstatic.com/image/thumb/AMCArtistImages211/v4/03/6b/83/036b83ed-1842-22f1-879f-414bc87d78cb/ami-identity-bbe467831287d0f38b4a24ce90978ed9-2026-06-10T17-56-40.377Z_cropped.png/400x400bb.jpg,apple-music,industrial metal;industrial rock;shock rock;alternative metal;gothic rock;distorted guitars;screamed vocals;theatrical delivery;explicit lyrics;political lyrics;concept albums;masked or costumed;theatrical live shows;male vocals;American;1990s;2000s
Marina,D,https://is1-ssl.mzstatic.com/image/thumb/AMCArtistImages221/v4/06/1e/2c/061e2c6f-37b9-ae0c-5f77-9e970f0b5d06/ami-identity-e758df34377a34e4c2e91d897c2d99c4-2025-12-17T15-53-56.700Z_cropped.png/400x400bb.jpg,apple-music,art pop;electropop;indie pop;synth-driven;theatrical delivery;witty wordplay;confessional lyrics;concept albums;powerhouse vocals;catchy hooks;female vocals;Welsh;solo act;2010s;2020s
Matt and Kim,C,https://is1-ssl.mzstatic.com/image/thumb/Features125/v4/50/41/b3/5041b36c-11d0-fbb7-b3e8-167d7b8ee1d7/pr_source.png/400x400bb.jpg,apple-music,dance-punk;indietronica;high energy;danceable grooves;party anthems;catchy hooks;lo-fi production;dual vocals;male vocals;female vocals;New York;duo;2000s;2010s
Matt Nathanson,D,https://is1-ssl.mzstatic.com/image/thumb/AMCArtistImages211/v4/4a/4e/f4/4a4ef4b2-6fa9-daef-05ff-e1665dc98340/ami-identity-ce7ec6e5944cd49c992a8f0abe33bb2e-2025-11-10T00-58-41.427Z_cropped.png/400x400bb.jpg,apple-music,folk rock;pop rock;singer-songwriter;acoustic textures;witty wordplay;confessional lyrics;storytelling lyrics;catchy hooks;male vocals;Boston;solo act;2000s;2010s
Mayday Parade,C,https://is1-ssl.mzstatic.com/image/thumb/AMCArtistImages211/v4/fa/1d/02/fa1d02bc-4238-e151-c1fe-781dff28fdbe/ami-identity-42bf39a22c533802e319722b034fc882-2026-04-29T15-00-38.923Z_cropped.png/400x400bb.jpg,apple-music,emo pop;anthemic choruses;catchy hooks;angsty lyrics;melancholy mood;piano-driven;male vocals;American;2000s;2010s;Warped Tour
Mest,D,https://is1-ssl.mzstatic.com/image/thumb/AMCArtistImages126/v4/e7/84/47/e78447a8-3e37-c1aa-ede9-46aad7c9fd1c/f0e032f2-e0dc-43ea-832f-fce1963d3e4d_file_cropped.png/400x400bb.jpg,apple-music,pop punk;ska punk;melodic hardcore;distorted guitars;anthemic choruses;angsty lyrics;high energy;male vocals;Chicago;1990s;2000s;Warped Tour
Metric,C,https://is1-ssl.mzstatic.com/image/thumb/AMCArtistImages221/v4/dc/f9/b1/dcf9b1a0-cde3-c83d-49d3-5e5d1670edb4/ami-identity-055077814a604445118564bbd2ceb7ca-2026-02-03T03-11-29.528Z_cropped.png/400x400bb.jpg,apple-music,indie rock;post-punk revival;synthpop;art punk;synth-driven;angular guitars;catchy hooks;danceable grooves;female vocals;Toronto;2000s;2010s
Metro Station,B,https://is1-ssl.mzstatic.com/image/thumb/Features125/v4/24/69/07/24690764-3a95-4748-b8a2-25101be9250b/pr_source.png/400x400bb.jpg,apple-music,emo pop;synthpop;dance-pop;electropop;synth-driven;catchy hooks;danceable grooves;party anthems;angsty lyrics;male vocals;Los Angeles;2000s;2010s
MGMT,E,https://is1-ssl.mzstatic.com/image/thumb/AMCArtistImages126/v4/6e/4a/ec/6e4aecaf-fe51-3ae6-964c-5137c2760848/15ba91a6-e8ff-4b76-b4d5-b0ccb080f1ae_ami-identity-287448828306e13cd69dd81d043e2759-2023-10-31T13-19-36.297Z_cropped.png/400x400bb.jpg,apple-music,psychedelic pop;neo-psychedelia;indie rock;synthpop;indietronica;synth-driven;psychedelic touches;quirky and playful;catchy hooks;atmospheric textures;male vocals;American;2000s;2010s
Mika,C,https://is1-ssl.mzstatic.com/image/thumb/AMCArtistImages221/v4/5a/ce/98/5ace981d-d3d8-fc2c-b2f1-c1a6565dab2b/ami-identity-ab43e7ecbbf729ae194f74a639ed6706-2025-12-05T00-15-12.524Z_cropped.png/400x400bb.jpg,apple-music,glam pop;power pop;dance-pop;piano-driven;falsetto vocals;camp and flamboyant;catchy hooks;theatrical delivery;queer themes;quirky and playful;male vocals;Lebanese;British;solo act;2000s;2010s
Mindless Self Indulgence,A,https://is1-ssl.mzstatic.com/image/thumb/Features115/v4/4c/a1/43/4ca14311-8da3-a74d-32ee-36aced6e2647/mzl.dkrewnoh.jpg/400x400bb.jpg,apple-music,electropunk;industrial rock;digital hardcore;breakneck tempos;explicit lyrics;sardonic humour;rapped verses;screamed vocals;high energy;quirky and playful;theatrical live shows;male vocals;New York;1990s;2000s;2010s
Mitski,,https://is1-ssl.mzstatic.com/image/thumb/AMCArtistImages211/v4/58/de/62/58de62b8-e73d-7406-196e-c2a9141869f2/ami-identity-357f46d0e21d950755075f1c9ac90d04-2026-07-11T20-45-33.017Z_cropped.png/400x400bb.jpg,apple-music,indie rock;art pop;singer-songwriter;confessional lyrics;melancholy mood;distorted guitars;atmospheric textures;storytelling lyrics;lo-fi production;female vocals;New York;Japanese;solo act;2010s;2020s
Morningwood,B,https://is1-ssl.mzstatic.com/image/thumb/Music/3e/79/05/mzi.hcgqxjav.jpg/400x400bb.jpg,apple-music,dance-punk;power pop;electropunk;alternative rock;high energy;party anthems;explicit lyrics;catchy hooks;powerhouse vocals;female vocals;New York;2000s
Morrissey,,https://is1-ssl.mzstatic.com/image/thumb/Features211/v4/99/d2/6b/99d26bdc-1df3-8799-5b17-a8f23a769384/mzl.anvmdyaq.jpg/400x400bb.jpg,apple-music,indie rock;jangle pop;jangly guitars;crooning vocals;melancholy mood;witty wordplay;sardonic humour;confessional lyrics;political lyrics;storytelling lyrics;male vocals;solo act;Manchester;1980s;1990s;2000s
Motion City Soundtrack,E,https://is1-ssl.mzstatic.com/image/thumb/AMCArtistImages211/v4/4e/10/f7/4e10f7f4-2fd5-c615-b230-3fa5ee66f7de/ami-identity-7b1c7a3561052f1c3aa73769b51f5afa-2025-06-17T12-07-19.152Z_cropped.png/400x400bb.jpg,apple-music,emo pop;power pop;synth-driven;catchy hooks;angsty lyrics;confessional lyrics;witty wordplay;male vocals;Minneapolis;2000s;2010s;Warped Tour
Mumford & Sons,E,https://is1-ssl.mzstatic.com/image/thumb/AMCArtistImages211/v4/1b/d4/84/1bd4842a-ecd9-7e06-7fbd-716fe44b79cd/ami-identity-805f3fb0573276a6d8c11a8ce88e88f3-2026-02-17T17-47-07.555Z_cropped.png/400x400bb.jpg,apple-music,folk rock;indie folk;Americana;folk pop;folk instrumentation;anthemic choruses;vocal harmonies;acoustic textures;storytelling lyrics;gang vocals;male vocals;London;2000s;2010s
Muse,C,https://is1-ssl.mzstatic.com/image/thumb/AMCArtistImages221/v4/2b/52/f7/2b52f7c1-88a1-49f7-f19f-eee6d091f0e8/ami-identity-5a2e54a7f0f888250f96b1b92553a486-2026-07-01T23-22-13.417Z_cropped.png/400x400bb.jpg,apple-music,prog rock;space rock;alternative rock;hard rock;heavy riffs;falsetto vocals;virtuosic playing;orchestral arrangements;concept albums;political lyrics;cinematic scope;anthemic choruses;theatrical live shows;male vocals;English;2000s;2010s;2020s
My Chemical Romance,A,https://is1-ssl.mzstatic.com/image/thumb/Features125/v4/55/6d/e4/556de418-24cd-eec5-04cd-043e6213e2ca/pr_source.png/400x400bb.jpg,apple-music,emo;pop punk;post-hardcore;anthemic choruses;distorted guitars;theatrical delivery;concept albums;cinematic scope;angsty lyrics;melancholy mood;screamed vocals;male vocals;theatrical live shows;New Jersey;2000s;2010s;Warped Tour
Nekrogoblikon,D,https://is1-ssl.mzstatic.com/image/thumb/Music126/v4/f5/f3/cc/f5f3cc11-0653-34c1-c5b0-719e55c7002b/pr_source.png/400x400bb.jpg,apple-music,melodic death metal;folk metal;comedy metal;symphonic power metal;heavy riffs;screamed vocals;synth-driven;virtuosic playing;masked or costumed;comedy;male vocals;American;2000s;2010s;2020s
New Found Glory,C,https://is1-ssl.mzstatic.com/image/thumb/AMCArtistImages221/v4/b6/16/89/b616899c-0fb9-3d7e-2fae-2366c0624198/ami-identity-3978d432a65c43ec0c7ea1642f93d73c-2026-01-13T22-51-06.376Z_cropped.png/400x400bb.jpg,apple-music,melodic hardcore;easycore;distorted guitars;anthemic choruses;catchy hooks;gang vocals;angsty lyrics;high energy;male vocals;American;1990s;2000s;2010s;Warped Tour
NF,C,https://is1-ssl.mzstatic.com/image/thumb/AMCArtistImages211/v4/df/b5/fa/dfb5fa1c-d459-c762-d76e-7620b6c0360a/ami-identity-2185802b4bcfeed81e8f8dc59999108d-2025-10-30T19-45-25.467Z_cropped.png/400x400bb.jpg,apple-music,Christian hip hop;pop rap;rapped verses;confessional lyrics;melancholy mood;angsty lyrics;piano-driven;cinematic scope;male vocals;American;solo act;2010s;2020s
Nightwish,B,https://is1-ssl.mzstatic.com/image/thumb/AMCArtistImages221/v4/11/95/a5/1195a534-5829-0389-92a4-2cea191ac963/2825a86d-0aa2-42e3-8e5a-1a19d8eabed0_ami-identity-f99a6d64039b5f8ec14db0e71d15e47a-2024-05-27T10-14-08.815Z_cropped.png/400x400bb.jpg,apple-music,symphonic metal;power metal;progressive metal;gothic metal;orchestral arrangements;choral vocals;operatic vocals;powerhouse vocals;heavy riffs;cinematic scope;concept albums;folk instrumentation;female vocals;male vocals;Finnish;2000s;2010s;2020s
Nobuo Uematsu,D,https://is1-ssl.mzstatic.com/image/thumb/Features125/v4/4d/e7/72/4de77214-e0d6-83c6-0317-704dcad2749c/mzl.ibrpsnsu.jpg/400x400bb.jpg,apple-music,prog rock;orchestral arrangements;classical influences;piano-driven;choral vocals;instrumental;cinematic scope;soundtrack work;video game ties;composer;solo act;Japanese;1980s;1990s;2000s
NOFX,E,https://is1-ssl.mzstatic.com/image/thumb/Features115/v4/5c/d6/9f/5cd69f86-2bc0-70bd-865b-5e20535f369b/mzl.nwxbafzn.jpg/400x400bb.jpg,apple-music,skate punk;melodic hardcore;ska punk;pop punk;breakneck tempos;sardonic humour;political lyrics;explicit lyrics;witty wordplay;high energy;male vocals;Los Angeles;1990s;2000s;2010s
Novelists,D,https://is1-ssl.mzstatic.com/image/thumb/AMCArtistImages221/v4/da/b9/95/dab99569-3bad-ebf3-c9f8-5abd45df24cd/ami-identity-12481519583d5e12e835c3501bead8e2-2024-12-14T17-34-35.315Z_cropped.png/400x400bb.jpg,apple-music,progressive metalcore;djent;breakdowns;screamed vocals;odd time signatures;atmospheric textures;anthemic choruses;male vocals;French;2010s;2020s
OK Go,E,https://is1-ssl.mzstatic.com/image/thumb/AMCArtistImages211/v4/4c/89/46/4c8946c8-2061-b443-18a9-776ad217c468/ami-identity-686ad2ea1ee3f5a459014aa1dc32ebdf-2025-01-15T20-29-24.774Z_cropped.png/400x400bb.jpg,apple-music,power pop;alternative rock;indie pop;catchy hooks;quirky and playful;witty wordplay;danceable grooves;viral breakout;theatrical live shows;male vocals;Chicago;2000s;2010s
Oliver Tree,C,https://is1-ssl.mzstatic.com/image/thumb/AMCArtistImages221/v4/c9/9f/80/c99f80bb-34e9-1912-aab8-10dfa1d9aa92/ami-identity-3bd5d7c869befd01c574e84637437516-2026-05-08T20-55-55.586Z_cropped.png/400x400bb.jpg,apple-music,alternative hip hop;indie pop;pop punk;electropop;sardonic humour;quirky and playful;viral breakout;masked or costumed;catchy hooks;theatrical delivery;male vocals;American;solo act;2010s;2020s
Otyken,,https://is1-ssl.mzstatic.com/image/thumb/AMCArtistImages221/v4/eb/25/94/eb25944d-3fae-3312-5837-c10b5707bba1/ami-identity-8294af5b608db495769dce9fffc438f7-2025-03-05T07-29-06.858Z_cropped.png/400x400bb.jpg,apple-music,folk pop;neofolk;folk instrumentation;throat singing;non-English lyrics;danceable grooves;atmospheric textures;viral breakout;theatrical live shows;female vocals;male vocals;Russian;2010s;2020s
P!nk,C,https://is1-ssl.mzstatic.com/image/thumb/AMCArtistImages116/v4/14/f7/1e/14f71ec1-a9cf-7959-38c2-e3694d9b2196/e5042bea-9ec8-4719-a292-a6915c52e016_ami-identity-b0e41d97ff203955030fe0623b5bccf1-2023-03-09T20-11-06.828Z_cropped.png/400x400bb.jpg,apple-music,pop rock;dance-pop;R&B;electropop;powerhouse vocals;anthemic choruses;confessional lyrics;explicit lyrics;catchy hooks;theatrical live shows;female vocals;Philadelphia;solo act;2000s;2010s;2020s
Panic! At The Disco,D,https://is1-ssl.mzstatic.com/image/thumb/Music122/v4/f0/ef/c3/f0efc32a-192a-a0d3-3346-4ac87f8b17b2/pr_source.png/400x400bb.jpg,apple-music,baroque pop;emo pop;electropop;power pop;theatrical delivery;anthemic choruses;witty wordplay;orchestral arrangements;camp and flamboyant;catchy hooks;concept albums;theatrical live shows;male vocals;Las Vegas;2000s;2010s;2020s;Warped Tour
Paramore,C,https://is1-ssl.mzstatic.com/image/thumb/Music122/v4/3f/96/79/3f96799e-b6e5-0d32-c39f-475523d928f6/pr_source.png/400x400bb.jpg,apple-music,emo pop;power pop;new wave;anthemic choruses;powerhouse vocals;distorted guitars;angsty lyrics;catchy hooks;female vocals;Nashville;2000s;2010s;2020s;Warped Tour
Passion Pit,,https://is1-ssl.mzstatic.com/image/thumb/AMCArtistImages122/v4/f3/d8/e0/f3d8e098-9238-09c6-f229-1877282481ea/9e2e1be5-b702-4ed5-b005-01cc4add5827_ami-identity-4cd10e0a815ab74e0d0c445304d4f6ee-2024-03-22T14-49-52.259Z_cropped.png/400x400bb.jpg,apple-music,indietronica;electropop;synthpop;alternative dance;falsetto vocals;synth-driven;electronic beats;anthemic choruses;catchy hooks;melancholy mood;confessional lyrics;high energy;polished production;male vocals;Massachusetts;solo act;2000s;2010s
Peaches,D,https://is1-ssl.mzstatic.com/image/thumb/AMCArtistImages211/v4/e7/5f/45/e75f4580-c7e1-2dea-82a0-de65d5b04408/ami-identity-374f4814d92debd6ae217489b10264dc-2025-12-02T23-55-40.345Z_cropped.png/400x400bb.jpg,apple-music,electroclash;electropunk;dance-punk;alternative dance;explicit lyrics;queer themes;synth-driven;danceable grooves;theatrical live shows;camp and flamboyant;female vocals;Toronto;solo act;2000s;2010s
Phantom Planet,E,https://is1-ssl.mzstatic.com/image/thumb/AMCArtistImages211/v4/a7/48/80/a7488074-151b-eefc-3845-14ec5dd2dbb4/ami-identity-0f9578fdfbbb6c71ad44e84ae40d43a0-2025-02-07T18-33-45.813Z_cropped.png/400x400bb.jpg,apple-music,power pop;garage rock;indie rock;jangly guitars;catchy hooks;anthemic choruses;male vocals;Los Angeles;2000s
Picturesque,D,https://is1-ssl.mzstatic.com/image/thumb/Features124/v4/af/3d/1e/af3d1ec4-5b64-b9ef-44ab-6805f92f4618/pr_source.png/400x400bb.jpg,apple-music,screamo;emo pop;screamed vocals;breakdowns;anthemic choruses;angsty lyrics;male vocals;American;2010s;2020s
Pierce the Veil,D,https://is1-ssl.mzstatic.com/image/thumb/AMCArtistImages221/v4/cc/f9/31/ccf93172-e677-514f-922f-1067f311dd3e/ami-identity-2000b694fae90a5b9a050fe37fb362dc-2025-08-14T17-49-03.917Z_cropped.png/400x400bb.jpg,apple-music,screamo;easycore;melodic hardcore;breakdowns;screamed vocals;virtuosic playing;angsty lyrics;anthemic choruses;Latin rock;male vocals;San Diego;2000s;2010s;2020s;Warped Tour
PlayRadioPlay!,A,https://is1-ssl.mzstatic.com/image/thumb/Music124/v4/e1/1f/83/e11f8364-0b55-859d-3b55-f3a1fb130e9c/00602517618466.rgb.jpg/400x400bb.jpg,apple-music,indietronica;space rock;emo pop;synth-driven;electronic beats;atmospheric textures;melancholy mood;confessional lyrics;male vocals;American;solo act;2000s
Polyphia,,https://is1-ssl.mzstatic.com/image/thumb/AMCArtistImages221/v4/6d/e8/fd/6de8fd17-343a-b9dd-88e1-e85bfefc56b0/ami-identity-1efa486bf32665d7317f82c9e1aac1b6-2026-06-09T20-41-31.016Z_cropped.png/400x400bb.jpg,apple-music,math rock;progressive metal;trap;virtuosic playing;instrumental;odd time signatures;guitar-driven;electronic beats;genre-blending;polished production;American;2010s;2020s
Poppy,,https://is1-ssl.mzstatic.com/image/thumb/AMCArtistImages211/v4/c1/d4/49/c1d4499e-b2c3-487b-80f8-adf558720bc5/ami-identity-4dbed670a8cd3070df780af7d977fe5a-2025-11-12T18-04-52.843Z_cropped.png/400x400bb.jpg,apple-music,nu metal;electropop;art pop;metalcore;genre-blending;breakdowns;screamed vocals;electronic beats;synth-driven;kawaii aesthetic;quirky and playful;theatrical delivery;polished production;female vocals;Los Angeles;solo act;2010s;2020s
Porter Robinson,C,https://is1-ssl.mzstatic.com/image/thumb/AMCArtistImages112/v4/ed/82/72/ed8272d3-b6a2-f8da-18b7-e34eefec46d0/f77fbdc4-8cc6-4d94-8026-316944b0a3f5_ami-identity-d22741ac4630696dc6353a596158bc20-2024-03-19T23-53-14.193Z_cropped.png/400x400bb.jpg,apple-music,complextro;dubstep;future bass;synthpop;synth-driven;electronic beats;atmospheric textures;cinematic scope;video game ties;polished production;male vocals;American;solo act;2010s;2020s
Protest the Hero,,https://is1-ssl.mzstatic.com/image/thumb/AMCArtistImages221/v4/92/b5/7b/92b57bd4-d8f1-cb01-c627-d87b28f7bd90/ami-identity-fc2c8ec4ea735a93594f1156de6d5101-2026-05-29T04-44-57.287Z_cropped.png/400x400bb.jpg,apple-music,progressive metalcore;math rock;virtuosic playing;odd time signatures;breakneck tempos;heavy riffs;screamed vocals;anthemic choruses;concept albums;male vocals;Ontario;2000s;2010s;2020s
Purity Ring,D,https://is1-ssl.mzstatic.com/image/thumb/AMCArtistImages221/v4/d7/16/e7/d716e7c1-c458-64b9-21c7-63e4d136a3a7/ami-identity-06311fc6256558bd73ac824b67bda725-2026-04-07T18-51-09.638Z_cropped.png/400x400bb.jpg,apple-music,witch house;futurepop;dream pop;electronic beats;atmospheric textures;ethereal vocals;breathy vocals;melancholy mood;sample-based production;female vocals;Canadian;duo;2010s;2020s
Ra,E,https://is1-ssl.mzstatic.com/image/thumb/Music114/v4/c8/c2/ef/c8c2efe5-04d0-533b-2887-9768a8af7e2d/859711327988_cover.tif/400x400bb.jpg,apple-music,alternative metal;hard rock;heavy riffs;powerhouse vocals;anthemic choruses;atmospheric textures;male vocals;Los Angeles;2000s
Rage Against the Machine,E,https://is1-ssl.mzstatic.com/image/thumb/Features115/v4/a8/6a/21/a86a21de-c1a9-03b6-a5e6-8550ae62ea1d/mzl.cvnwolpm.jpg/400x400bb.jpg,apple-music,rap metal;funk metal;alternative metal;heavy riffs;rapped verses;political lyrics;explicit lyrics;prominent bass;high energy;virtuosic playing;male vocals;Los Angeles;1990s;2000s
Rasputina,D,https://is1-ssl.mzstatic.com/image/thumb/Music124/v4/0b/82/4e/0b824ec4-eb36-47a3-359c-607b6d5db5ba/mzi.kjegdpvm.jpg/400x400bb.jpg,apple-music,cello rock;chamber pop;dark cabaret;string arrangements;classical influences;theatrical delivery;historical themes;storytelling lyrics;melancholy mood;camp and flamboyant;female vocals;New York;1990s;2000s
Ratatat,B,https://is1-ssl.mzstatic.com/image/thumb/Features125/v4/30/03/6e/30036ed5-a302-f332-9802-aac807638699/mzl.oozcfvho.jpg/400x400bb.jpg,apple-music,indietronica;instrumental;guitar-driven;synth-driven;electronic beats;sample-based production;psychedelic touches;atmospheric textures;polished production;New York;duo;2000s;2010s
Red Hot Chili Peppers,C,https://is1-ssl.mzstatic.com/image/thumb/Music126/v4/da/ed/ef/daedeff5-cbe4-5f7d-3ad0-07a4c560161b/pr_source.png/400x400bb.jpg,apple-music,funk rock;funk metal;rap rock;alternative rock;prominent bass;rapped verses;distorted guitars;high energy;explicit lyrics;male vocals;Los Angeles;1990s;2000s
Reel Big Fish,C,https://is1-ssl.mzstatic.com/image/thumb/Features115/v4/bc/7d/04/bc7d04b2-2e1b-8a4a-ff01-b3477b2c617e/mzl.uanrktuv.jpg/400x400bb.jpg,apple-music,third-wave ska;ska punk;horn section;sardonic humour;witty wordplay;high energy;party anthems;anthemic choruses;male vocals;Orange County;1990s;2000s;Warped Tour
Refused,C,https://is1-ssl.mzstatic.com/image/thumb/AMCArtistImages122/v4/3c/2a/b0/3c2ab05b-2b76-5e9b-77c9-a5a568352583/efc17f93-a5d2-4963-bf6e-85005745bf4e_ami-identity-f37f7c2155d861c2d233e81ad06e1930-2024-03-21T15-49-48.792Z_cropped.png/400x400bb.jpg,apple-music,post-hardcore;experimental rock;political lyrics;screamed vocals;heavy riffs;breakneck tempos;high energy;male vocals;Swedish;1990s;2010s
Regina Spektor,A,https://is1-ssl.mzstatic.com/image/thumb/Music116/v4/e0/ff/0b/e0ff0b58-e086-1984-65b1-bccd28dc3de2/pr_source.png/400x400bb.jpg,apple-music,anti-folk;art pop;chamber pop;singer-songwriter;piano-driven;classical influences;string arrangements;quirky and playful;witty wordplay;storytelling lyrics;theatrical delivery;female vocals;solo act;New York;Russian;2000s;2010s
Rina Sawayama,,https://is1-ssl.mzstatic.com/image/thumb/Music122/v4/20/2f/2f/202f2feb-ab50-6222-2975-3835d4591e47/pr_source.png/400x400bb.jpg,apple-music,electropop;dance-pop;alternative R&B;pop rock;genre-blending;catchy hooks;powerhouse vocals;theatrical delivery;retro influences;queer themes;confessional lyrics;polished production;female vocals;London;Japanese;solo act;2010s;2020s
Rise Against,B,https://is1-ssl.mzstatic.com/image/thumb/AMCArtistImages221/v4/91/d7/68/91d7680e-daf2-8f01-7602-8f5d27884e88/ami-identity-7eabd00ad77a25e193338e5b407ea0c9-2025-08-16T19-43-23.855Z_cropped.png/400x400bb.jpg,apple-music,melodic hardcore;pop punk;anthemic choruses;political lyrics;screamed vocals;distorted guitars;breakneck tempos;high energy;gang vocals;male vocals;Chicago;2000s;2010s;2020s;Warped Tour
Robyn,B,https://is1-ssl.mzstatic.com/image/thumb/AMCArtistImages221/v4/cf/94/3e/cf943e10-53cb-07a6-e407-e4883097d172/ami-identity-c56e238641f9e8c1a0fdf01b5648c21e-2026-01-07T12-07-07.177Z_cropped.png/400x400bb.jpg,apple-music,dance-pop;electropop;synthpop;synth-driven;four-on-the-floor beats;catchy hooks;polished production;melancholy mood;heartbreak lyrics;female vocals;Stockholm;solo act;1990s;2000s;2010s
Rush,E,https://is1-ssl.mzstatic.com/image/thumb/Features125/v4/d7/c2/a1/d7c2a12b-0f8e-2bab-6ad3-2a8674296742/mza_3437452608058597354.png/400x400bb.jpg,apple-music,prog rock;hard rock;virtuosic playing;odd time signatures;concept albums;prominent bass;falsetto vocals;synth-driven;storytelling lyrics;male vocals;Toronto;1970s;1980s
Sabaton,D,https://is1-ssl.mzstatic.com/image/thumb/AMCArtistImages211/v4/6c/20/c5/6c20c5c5-248c-b236-0473-c1bca94fc0da/ami-identity-edfc53b9bcb40ce20df6c2a581f3156a-2025-01-30T08-04-46.092Z_cropped.png/400x400bb.jpg,apple-music,power metal;heavy riffs;anthemic choruses;gang vocals;choral vocals;storytelling lyrics;historical themes;cinematic scope;synth-driven;male vocals;theatrical live shows;Swedish;2000s;2010s;2020s
Sabrina Carpenter,D,https://is1-ssl.mzstatic.com/image/thumb/AMCArtistImages221/v4/b8/94/67/b8946780-17ee-7897-960b-4365afa4aeae/ami-identity-cc64ebed2010125d7f6cfc205f49983d-2025-06-11T16-08-39.460Z_cropped.png/400x400bb.jpg,apple-music,dance-pop;electropop;R&B;catchy hooks;polished production;witty wordplay;explicit lyrics;retro influences;female vocals;Philadelphia;solo act;2010s;2020s
Santigold,D,https://is1-ssl.mzstatic.com/image/thumb/Music112/v4/38/85/fd/3885fd02-ff8b-3e52-662d-4c7244e1c5d2/pr_source.png/400x400bb.jpg,apple-music,new wave;alternative dance;electropop;dub;hip hop;electronic beats;danceable grooves;genre-blending;sample-based production;female vocals;Philadelphia;solo act;2000s;2010s
Saosin,,https://is1-ssl.mzstatic.com/image/thumb/AMCArtistImages221/v4/dc/94/c2/dc94c208-6e59-a7f4-14ca-81d9d44451e4/ami-identity-857f5974be1ededca887239fec5393bf-2026-04-08T22-19-18.271Z_cropped.png/400x400bb.jpg,apple-music,post-hardcore;emo pop;screamed vocals;anthemic choruses;distorted guitars;angsty lyrics;powerhouse vocals;male vocals;Orange County;2000s;2010s
Scars on Broadway,,https://is1-ssl.mzstatic.com/image/thumb/AMCArtistImages221/v4/25/ae/2a/25ae2af1-95f2-7b73-e9e0-4e85bb735efc/ami-identity-284fe6bda318c0b9a9db5ed4150dee9f-2025-06-04T20-53-12.519Z_cropped.png/400x400bb.jpg,apple-music,alternative metal;experimental rock;heavy riffs;breakneck tempos;political lyrics;quirky and playful;male vocals;Los Angeles;side project;2000s;2010s
Scissor Sisters,D,https://is1-ssl.mzstatic.com/image/thumb/Features115/v4/8b/ad/41/8bad4156-58c5-dc1c-8d38-37c836430803/mzl.soighojz.jpg/400x400bb.jpg,apple-music,glam rock;nu-disco;electroclash;dance-pop;camp and flamboyant;queer themes;falsetto vocals;catchy hooks;party anthems;four-on-the-floor beats;dual vocals;male vocals;female vocals;theatrical live shows;New York;2000s;2010s
Senses Fail,D,https://is1-ssl.mzstatic.com/image/thumb/Music125/v4/b1/e5/a4/b1e5a47a-00ec-c367-b754-777f089162b5/pr_source.png/400x400bb.jpg,apple-music,screamo;pop punk;melodic hardcore;screamed vocals;angsty lyrics;melancholy mood;breakdowns;male vocals;New Jersey;2000s;2010s;Warped Tour
Serj Tankian,B,https://is1-ssl.mzstatic.com/image/thumb/Music115/v4/0e/f0/5e/0ef05eaa-69ec-1241-5275-0b1247ba0ea2/pr_source.png/400x400bb.jpg,apple-music,experimental metal;alternative metal;prog rock;industrial rock;orchestral arrangements;operatic vocals;political lyrics;theatrical delivery;odd time signatures;classical influences;male vocals;Los Angeles;solo act;side project;2000s;2010s
She & Him,C,https://is1-ssl.mzstatic.com/image/thumb/Music122/v4/d8/26/5a/d8265a9e-3e78-49b4-5819-14caeee81cc7/pr_source.png/400x400bb.jpg,apple-music,indie pop;alternative country;indie folk;traditional pop;retro influences;acoustic textures;vocal harmonies;jangly guitars;melancholy mood;female vocals;Portland;duo;2000s;2010s
Sia,D,https://is1-ssl.mzstatic.com/image/thumb/AMCArtistImages211/v4/a9/09/18/a9091850-af3a-ffbf-65e3-349d5b6eb926/ami-identity-e481968227e39f49322f9ea36d4ae0b8-2026-03-05T20-24-38.844Z_cropped.png/400x400bb.jpg,apple-music,electropop;dance-pop;indie pop;art pop;powerhouse vocals;anthemic choruses;melancholy mood;confessional lyrics;polished production;masked or costumed;female vocals;Australian;solo act;2000s;2010s;2020s
Silverstein,D,https://is1-ssl.mzstatic.com/image/thumb/AMCArtistImages221/v4/0f/2b/d8/0f2bd838-475b-380b-1be7-38c14077da24/ami-identity-32a717b682ff27b14e3e66369232dfed-2025-04-29T03-25-35.098Z_cropped.png/400x400bb.jpg,apple-music,screamo;melodic hardcore;emo pop;screamed vocals;breakdowns;angsty lyrics;melancholy mood;anthemic choruses;male vocals;Canadian;2000s;2010s;2020s;Warped Tour
Simon & Garfunkel,D,https://is1-ssl.mzstatic.com/image/thumb/Features115/v4/47/41/1c/47411cf9-32ff-959b-02be-fbe00c968193/mza_7848672410060520739.png/400x400bb.jpg,apple-music,folk rock;folk pop;traditional pop;vocal harmonies;acoustic textures;storytelling lyrics;melancholy mood;string arrangements;dual vocals;male vocals;New York;duo;1960s;1970s
Simple Creatures,,https://is1-ssl.mzstatic.com/image/thumb/Features115/v4/9d/e7/44/9de74402-7f37-d24e-1b1a-d6098187e201/pr_source.png/400x400bb.jpg,apple-music,synthpop;pop rock;electropop;synth-driven;electronic beats;catchy hooks;sardonic humour;angsty lyrics;polished production;dual vocals;male vocals;Los Angeles;duo;side project;2010s
Simple Plan,C,https://is1-ssl.mzstatic.com/image/thumb/AMCArtistImages211/v4/85/f3/ee/85f3ee70-808d-8070-ab3d-eeb88bcbf7e1/ami-identity-28e22b7641baaa56d25f55aa7731c8da-2025-07-08T15-48-59.473Z_cropped.png/400x400bb.jpg,apple-music,emo pop;power pop;anthemic choruses;catchy hooks;angsty lyrics;distorted guitars;male vocals;Montreal;2000s;2010s;Warped Tour
Sleigh Bells,B,https://is1-ssl.mzstatic.com/image/thumb/AMCArtistImages221/v4/24/18/b4/2418b4a9-40ef-5392-fb91-e164c1499d00/ami-identity-c661d77d6d78ea5a7d366e617262943b-2025-01-28T13-52-10.123Z_cropped.png/400x400bb.jpg,apple-music,noise pop;electropop;noisy textures;heavy riffs;electronic beats;lo-fi production;high energy;female vocals;New York;duo;2010s;2020s
Slipknot,C,https://is1-ssl.mzstatic.com/image/thumb/AMCArtistImages211/v4/5b/47/d4/5b47d421-df7b-5133-8bbf-f91dd7c705b5/d8d5bb3c-5167-4572-a907-79c97763ef42_ami-identity-627d74fb9165ef8b5ad65483b291f8da-2024-04-30T14-22-40.356Z_cropped.png/400x400bb.jpg,apple-music,nu metal;groove metal;heavy riffs;screamed vocals;breakneck tempos;explicit lyrics;angsty lyrics;masked or costumed;theatrical live shows;male vocals;American;1990s;2000s;2010s
Solange,D,https://is1-ssl.mzstatic.com/image/thumb/Features125/v4/eb/51/98/eb5198e2-5e25-499f-5e0a-50fcf5b7f149/mzl.wkhggyrj.jpg/400x400bb.jpg,apple-music,neo soul;alternative R&B;funk;atmospheric textures;breathy vocals;soulful vocals;political lyrics;polished production;female vocals;American;solo act;2010s;2020s
Sonic Youth,E,https://is1-ssl.mzstatic.com/image/thumb/Features115/v4/bd/48/16/bd481629-a3c4-7505-9f2f-b5c02b79e071/mza_7429175421167548432.png/400x400bb.jpg,apple-music,noise rock;no wave;indie rock;post-punk;distorted guitars;angular guitars;noisy textures;atmospheric textures;lo-fi production;dual vocals;male vocals;female vocals;New York;1980s;1990s;2000s
Spiritbox,C,https://is1-ssl.mzstatic.com/image/thumb/AMCArtistImages221/v4/69/c3/57/69c3573a-4ea4-7111-0e97-e2ee0d156faf/ami-identity-423dc0d848f672893f5a61910629a7ff-2024-11-16T01-45-25.330Z_cropped.png/400x400bb.jpg,apple-music,progressive metalcore;djent;post-metal;alternative metal;breakdowns;screamed vocals;ethereal vocals;atmospheric textures;female vocals;Canadian;2010s;2020s
Stars,A,https://is1-ssl.mzstatic.com/image/thumb/Music116/v4/29/42/7d/29427dc1-016d-3683-04d8-77b3c38a009b/pr_source.png/400x400bb.jpg,apple-music,dream pop;chamber pop;indie rock;atmospheric textures;string arrangements;melancholy mood;storytelling lyrics;dual vocals;male vocals;female vocals;Montreal;2000s;2010s
Steriogram,D,https://is1-ssl.mzstatic.com/image/thumb/Features124/v4/33/71/5a/33715a9d-b369-bd69-f701-d5ae8c2f88a5/pr_source.png/400x400bb.jpg,apple-music,pop punk;rapcore;alternative rock;rapped verses;distorted guitars;high energy;catchy hooks;quirky and playful;male vocals;New Zealand;2000s
Story of the Year,D,https://is1-ssl.mzstatic.com/image/thumb/AMCArtistImages211/v4/c2/3a/0e/c23a0e5c-4562-d454-1916-9a59198b17aa/ami-identity-30ab28a83ad1ffb5483b237e08013d0a-2025-10-16T04-34-43.848Z_cropped.png/400x400bb.jpg,apple-music,post-hardcore;emo pop;melodic hardcore;screamed vocals;anthemic choruses;angsty lyrics;breakdowns;male vocals;St. Louis;2000s;2010s;Warped Tour
Straylight Run,,https://is1-ssl.mzstatic.com/image/thumb/Music/2b/06/f3/mzi.wevzpyfy.jpg/400x400bb.jpg,apple-music,emo;indie rock;piano rock;piano-driven;melancholy mood;confessional lyrics;atmospheric textures;dual vocals;male vocals;female vocals;Long Island;side project;sibling act;2000s;2010s
Streetlight Manifesto,D,https://is1-ssl.mzstatic.com/image/thumb/AMCArtistImages221/v4/0e/3f/05/0e3f0501-f5ba-bec9-766c-606205196735/ami-identity-d1f2a3c9b07228830eed5ee675b2c124-2026-01-22T21-20-41.976Z_cropped.png/400x400bb.jpg,apple-music,ska punk;third-wave ska;horn section;breakneck tempos;virtuosic playing;witty wordplay;storytelling lyrics;high energy;male vocals;New Jersey;2000s;2010s
Sublime,D,https://is1-ssl.mzstatic.com/image/thumb/AMCArtistImages221/v4/ac/69/1a/ac691a56-6d76-6951-bdac-b57281f8b09f/5cca0c8e-a000-4f92-aa7b-5c0b50a81b97_ami-identity-b838c3962bb0e95ab223ff7b3b00d042-2024-05-24T04-03-10.211Z_cropped.png/400x400bb.jpg,apple-music,ska punk;reggae rock;dub;rapcore;explicit lyrics;party anthems;danceable grooves;sardonic humour;male vocals;Long Beach;1990s
Suburban Legends,B,https://is1-ssl.mzstatic.com/image/thumb/AMCArtistImages116/v4/60/ad/fa/60adfa1d-93db-36fd-6240-63fd93a129d5/bff59e3f-212e-4314-a7e7-b77fcfb44bea_file_cropped.png/400x400bb.jpg,apple-music,ska punk;third-wave ska;disco;horn section;high energy;party anthems;danceable grooves;quirky and playful;theatrical live shows;male vocals;Orange County;2000s;2010s
Sum 41,A,https://is1-ssl.mzstatic.com/image/thumb/AMCArtistImages112/v4/a5/11/35/a5113598-dac4-ff83-0b74-bd6928bbdf0c/de383a7e-3b36-4294-8a8a-0a9f486fb11c_ami-identity-e7f56ce4ff179ad2cfb3ea7b635e0104-2024-03-28T17-37-49.298Z_cropped.png/400x400bb.jpg,apple-music,pop punk;skate punk;alternative metal;melodic hardcore;distorted guitars;anthemic choruses;catchy hooks;sardonic humour;breakneck tempos;high energy;male vocals;Toronto;2000s;2010s;2020s;Warped Tour
Switchfoot,E,https://is1-ssl.mzstatic.com/image/thumb/AMCArtistImages211/v4/71/09/bc/7109bc0a-9f71-b7f6-44cf-1a6dfec6d9a6/ami-identity-4317b2025511510587f52730b80f9bf5-2026-03-16T14-52-21.096Z_cropped.png/400x400bb.jpg,apple-music,post-grunge;Christian rock;power pop;anthemic choruses;distorted guitars;atmospheric textures;confessional lyrics;male vocals;San Diego;2000s;2010s
Sylvan Esso,,https://is1-ssl.mzstatic.com/image/thumb/AMCArtistImages211/v4/6e/cf/5e/6ecf5e0a-b7e3-3e05-f979-d47fbbd14239/ami-identity-44e49c6cb3b7e9dfe95fcbc226626f5c-2026-07-20T16-30-17.525Z_cropped.png/400x400bb.jpg,apple-music,electropop;indietronica;folktronica;electronic beats;synth-driven;danceable grooves;breathy vocals;catchy hooks;melancholy mood;atmospheric textures;polished production;female vocals;American;duo;2010s;2020s
System of a Down,A,https://is1-ssl.mzstatic.com/image/thumb/Features125/v4/79/a2/8d/79a28d0c-ba2f-ddcf-d723-8751d2c3dd66/pr_source.png/400x400bb.jpg,apple-music,nu metal;progressive metal;hard rock;heavy riffs;breakneck tempos;political lyrics;theatrical delivery;odd time signatures;quirky and playful;dual vocals;male vocals;Los Angeles;2000s
t.A.T.u.,E,https://is1-ssl.mzstatic.com/image/thumb/Features115/v4/dc/56/74/dc567476-7927-40af-019c-ff015546cf0a/pr_source.png/400x400bb.jpg,apple-music,Europop;dance-pop;pop rock;electronic beats;non-English lyrics;angsty lyrics;queer themes;catchy hooks;dual vocals;female vocals;Russian;2000s
Taking Back Sunday,B,https://is1-ssl.mzstatic.com/image/thumb/AMCArtistImages211/v4/29/ed/fa/29edfa95-d435-6b31-9648-082231c4fdd6/ami-identity-e02fb612faa3e379ad5aa7e054a5314e-2025-01-14T21-40-49.676Z_cropped.png/400x400bb.jpg,apple-music,emo;post-hardcore;pop punk;anthemic choruses;dual vocals;angsty lyrics;distorted guitars;confessional lyrics;male vocals;Long Island;2000s;2010s;Warped Tour
Talking Heads,D,https://is1-ssl.mzstatic.com/image/thumb/Features115/v4/aa/75/c6/aa75c6fc-9f38-3d79-98b4-df0ed4357f14/mzl.zyfbcxpb.jpg/400x400bb.jpg,apple-music,new wave;art punk;post-punk;avant-funk;art pop;danceable grooves;angular guitars;prominent bass;polyrhythms;Afrobeat influences;quirky and playful;theatrical delivery;male vocals;theatrical live shows;New York;1970s;1980s
Tegan and Sara,,https://is1-ssl.mzstatic.com/image/thumb/Music122/v4/67/1b/f2/671bf26a-d72b-6b52-9a33-acad7e52cde8/pr_source.png/400x400bb.jpg,apple-music,indie pop;indie rock;synthpop;indie folk;catchy hooks;vocal harmonies;confessional lyrics;melancholy mood;heartbreak lyrics;synth-driven;acoustic textures;queer themes;dual vocals;female vocals;Canadian;duo;sibling act;1990s;2000s;2010s;2020s
Tenacious D,E,https://is1-ssl.mzstatic.com/image/thumb/AMCArtistImages116/v4/06/75/32/0675320c-eb1f-e840-aa18-8a1796d33424/db428f60-b625-4fe2-bab0-df78ead59787_ami-identity-0887d289f8a49cfa2e7ce7b60e36626e-2023-05-16T23-04-31.843Z_cropped.png/400x400bb.jpg,apple-music,comedy rock;hard rock;acoustic textures;virtuosic playing;explicit lyrics;sardonic humour;witty wordplay;theatrical delivery;vocal harmonies;dual vocals;comedy;male vocals;Los Angeles;duo;2000s;2010s
The Academy Is...,B,https://is1-ssl.mzstatic.com/image/thumb/AMCArtistImages211/v4/dd/58/44/dd5844b7-f07c-d979-1f7b-4185d2d24aaf/ami-identity-a785adb0936b97a0f8f8731468522478-2026-01-16T01-26-29.202Z_cropped.png/400x400bb.jpg,apple-music,emo pop;power pop;indie rock;post-punk revival;anthemic choruses;catchy hooks;angsty lyrics;male vocals;Chicago;2000s;2010s;Warped Tour
The All-American Rejects,E,https://is1-ssl.mzstatic.com/image/thumb/AMCArtistImages221/v4/39/f4/6b/39f46b2d-5463-e36d-c2f2-bf3e30b55de1/file_cropped.png/400x400bb.jpg,apple-music,emo pop;power pop;anthemic choruses;catchy hooks;angsty lyrics;synth-driven;male vocals;American;2000s;2010s
The Apples in Stereo,D,https://is1-ssl.mzstatic.com/image/thumb/Features115/v4/b4/9d/bb/b49dbb54-f775-f714-e4fc-a744d7963b5f/pr_source.png/400x400bb.jpg,apple-music,psychedelic pop;neo-psychedelia;indie pop;power pop;lo-fi production;retro influences;catchy hooks;jangly guitars;vocal harmonies;quirky and playful;male vocals;American;1990s;2000s
The Asteroids Galaxy Tour,E,https://is1-ssl.mzstatic.com/image/thumb/AMCArtistImages211/v4/a8/5d/a4/a85da472-6088-5ff1-68ea-da150758c23b/ami-identity-43634144eaae9d39ed3325b9faca6ace-2025-12-01T14-05-45.116Z_cropped.png/400x400bb.jpg,apple-music,acid jazz;psychedelic pop;indie pop;horn section;retro influences;danceable grooves;breathy vocals;quirky and playful;female vocals;Danish;2000s;2010s
The Ataris,D,https://is1-ssl.mzstatic.com/image/thumb/AMCArtistImages221/v4/7d/ec/d1/7decd14f-7f4b-4291-e2e2-824edebcf4f1/ami-identity-d5880c26af75deed423195e32ec4a484-2025-04-25T21-25-30.854Z_cropped.png/400x400bb.jpg,apple-music,pop punk;emo;distorted guitars;anthemic choruses;angsty lyrics;melancholy mood;male vocals;American;1990s;2000s;Warped Tour
The Beatles,E,https://is1-ssl.mzstatic.com/image/thumb/AMCArtistImages211/v4/51/e2/25/51e225b0-71f7-d535-0a4d-1ce2bb92ba2f/ami-identity-6a3f1240e34153dc68804d74680cc21f-2026-06-23T21-38-41.995Z_cropped.png/400x400bb.jpg,apple-music,merseybeat;psychedelic pop;pop rock;experimental;vocal harmonies;jangly guitars;catchy hooks;orchestral arrangements;storytelling lyrics;dual vocals;male vocals;Liverpool;1960s
The Birthday Massacre,B,https://is1-ssl.mzstatic.com/image/thumb/Features125/v4/0b/38/49/0b384991-9188-c412-3e5c-0739da243c82/mzl.jgodhqjj.jpg/400x400bb.jpg,apple-music,dark wave;industrial rock;synthpop;synth-driven;atmospheric textures;melancholy mood;distorted guitars;ethereal vocals;female vocals;Canadian;2000s;2010s
The Click Five,D,https://is1-ssl.mzstatic.com/image/thumb/AMCArtistImages211/v4/58/2d/28/582d2814-4f8b-bb63-373e-fb2640bbcc7c/ami-identity-2886b6b40ef37136065de89c736b55d6-2025-11-25T21-05-25.727Z_cropped.png/400x400bb.jpg,apple-music,power pop;pop punk;teen pop;catchy hooks;anthemic choruses;jangly guitars;retro influences;polished production;male vocals;Boston;2000s
The Colourist,C,https://is1-ssl.mzstatic.com/image/thumb/Features114/v4/d7/0f/6a/d70f6acf-e710-9f31-e5be-f0a1050d4e36/pr_source.png/400x400bb.jpg,apple-music,indie pop;power pop;indie rock;jangly guitars;catchy hooks;anthemic choruses;dual vocals;male vocals;female vocals;Orange County;2010s
The Cranberries,,https://is1-ssl.mzstatic.com/image/thumb/Features211/v4/00/0f/f2/000ff276-c977-f6e2-0ff4-0fb19825c3ba/mza_4358712318537594483.png/400x400bb.jpg,apple-music,jangle pop;dream pop;alternative rock;post-punk;ethereal vocals;melancholy mood;political lyrics;atmospheric textures;female vocals;Irish;1990s;2000s
The Cure,E,https://is1-ssl.mzstatic.com/image/thumb/AMCArtistImages221/v4/82/26/af/8226af01-ca25-b70e-6160-b65d79ef1fd2/faec9ede-8f0e-4f69-a92d-413f897b547a_ami-identity-77b4e84444f501eb54efaf58e291c34a-2024-09-20T16-12-54.334Z_cropped.png/400x400bb.jpg,apple-music,gothic rock;post-punk;alternative rock;synthpop;atmospheric textures;jangly guitars;melancholy mood;confessional lyrics;prominent bass;male vocals;English;1980s;1990s
The Dresden Dolls,A,https://is1-ssl.mzstatic.com/image/thumb/AMCArtistImages221/v4/e9/b3/78/e9b37881-48ed-a2af-716d-9073a12f1322/ami-identity-c0a2a05b8fecc38359a9f8ca0efb3a1e-2026-06-10T18-53-00.348Z_cropped.png/400x400bb.jpg,apple-music,punk cabaret;piano rock;alternative rock;piano-driven;theatrical delivery;camp and flamboyant;confessional lyrics;explicit lyrics;masked or costumed;theatrical live shows;dual vocals;female vocals;Boston;duo;2000s;2010s
The Fratellis,C,https://is1-ssl.mzstatic.com/image/thumb/Features115/v4/7c/88/37/7c883750-c11b-b657-9964-3903ccc6db36/pr_source.png/400x400bb.jpg,apple-music,indie rock;garage rock;post-punk revival;jangly guitars;catchy hooks;high energy;party anthems;storytelling lyrics;male vocals;Glasgow;2000s;2010s
The Get Up Kids,E,https://is1-ssl.mzstatic.com/image/thumb/AMCArtistImages211/v4/3f/8a/47/3f8a4722-4290-0864-0663-6a009723105c/1e2844bb-3c25-419f-8d91-400ddf558b0e_ami-identity-f17adef0d3e41823e4b774c6d3b6e9cc-2024-05-22T18-44-30.502Z_cropped.png/400x400bb.jpg,apple-music,midwest emo;emo pop;indie rock;anthemic choruses;angsty lyrics;confessional lyrics;distorted guitars;male vocals;American;1990s;2000s
The Killers,E,https://is1-ssl.mzstatic.com/image/thumb/Features125/v4/e8/58/47/e8584761-ab08-9346-43f4-bc558f5890eb/mzl.fwmasvui.jpg/400x400bb.jpg,apple-music,post-punk revival;heartland rock;new wave;alternative rock;synth-driven;anthemic choruses;catchy hooks;storytelling lyrics;crooning vocals;male vocals;Las Vegas;2000s;2010s;2020s
The Lumineers,E,https://is1-ssl.mzstatic.com/image/thumb/AMCArtistImages221/v4/05/88/8b/05888bb9-bd4b-1b6d-a373-50b1fe71a636/ami-identity-7d2c3f8810ed9b456a7ccc1bea9198d4-2025-01-08T05-01-53.157Z_cropped.png/400x400bb.jpg,apple-music,indie folk;Americana;folk pop;folk rock;acoustic textures;folk instrumentation;gang vocals;storytelling lyrics;melancholy mood;piano-driven;male vocals;New Jersey;2010s;2020s
The Maine,C,https://is1-ssl.mzstatic.com/image/thumb/AMCArtistImages221/v4/63/74/14/637414b2-bc4d-4adf-95d8-ef779843c55d/ami-identity-c46c8ebbf6a2e961db454255dcadc035-2026-01-28T18-05-35.819Z_cropped.png/400x400bb.jpg,apple-music,emo pop;indie rock;anthemic choruses;catchy hooks;confessional lyrics;jangly guitars;male vocals;American;2000s;2010s;2020s;Warped Tour
The Mighty Mighty Bosstones,E,https://is1-ssl.mzstatic.com/image/thumb/Features115/v4/86/c9/a5/86c9a52e-c612-39ff-3972-ba89e9afd6a6/mzl.psdjhtyn.jpeg/400x400bb.jpg,apple-music,skacore;third-wave ska;horn section;gang vocals;high energy;party anthems;sardonic humour;male vocals;Boston;1990s;2000s;Warped Tour
The Naked and Famous,A,https://is1-ssl.mzstatic.com/image/thumb/AMCArtistImages211/v4/aa/77/70/aa7770b7-1217-2073-af4d-8c4370b75fa6/ami-identity-30e945c3e3de1073150f1eadbddb4486-2025-07-04T20-36-28.073Z_cropped.png/400x400bb.jpg,apple-music,indietronica;post-punk revival;noise pop;synthpop;indie rock;synth-driven;atmospheric textures;anthemic choruses;dual vocals;male vocals;female vocals;New Zealand;2010s;2020s
The Offspring,B,https://is1-ssl.mzstatic.com/image/thumb/AMCArtistImages116/v4/32/fe/54/32fe544a-7970-ee4c-d0d1-3729297c1a23/d41ca883-99ff-4ec7-8294-bf9146519e32_ami-identity-b0c2652ec5adf71fc58c7e8490935a78-2023-09-05T16-57-30.078Z_cropped.png/400x400bb.jpg,apple-music,skate punk;pop punk;ska punk;distorted guitars;anthemic choruses;breakneck tempos;sardonic humour;high energy;catchy hooks;male vocals;Orange County;1990s;2000s
The Pink Spiders,A,https://is1-ssl.mzstatic.com/image/thumb/AMCArtistImages116/v4/41/dd/72/41dd72e4-016a-2c36-df09-44f1d5600c82/94895be8-2a22-474f-aebf-1b45cea2f5fa_ami-identity-d3f8cc155240826792be8e2640963468-2023-03-08T15-53-30.772Z_cropped.png/400x400bb.jpg,apple-music,garage rock;pop punk;power pop;indie rock;distorted guitars;catchy hooks;high energy;sardonic humour;male vocals;Nashville;2000s
The Postal Service,A,https://is1-ssl.mzstatic.com/image/thumb/Features125/v4/3a/99/25/3a992567-b6ad-ac3c-864a-7f020c9dc7ab/pr_source.png/400x400bb.jpg,apple-music,indietronica;synthpop;emo pop;electronic beats;synth-driven;melancholy mood;confessional lyrics;atmospheric textures;male vocals;female vocals;Seattle;side project;2000s
The Prize Fighter Inferno,C,https://is1-ssl.mzstatic.com/image/thumb/AMCArtistImages116/v4/42/5a/ce/425ace24-3940-cdb2-c82b-b20c4cd20527/91fd0de2-02d2-4769-8ad3-d39f9dc34d37_ami-identity-eac31e0c3bb536c0253e7171e2d801cc-2024-02-06T19-29-20.985Z_cropped.png/400x400bb.jpg,apple-music,folktronica;folk rock;experimental rock;acoustic textures;concept albums;storytelling lyrics;electronic beats;falsetto vocals;male vocals;American;solo act;side project;2000s;2010s
The Red Jumpsuit Apparatus,C,https://is1-ssl.mzstatic.com/image/thumb/AMCArtistImages211/v4/b0/29/44/b02944e4-1493-3bb2-71fe-11a91b4871e5/ami-identity-e1443ade11c52f83609c7d7c32c8563b-2025-08-26T14-26-38.618Z_cropped.png/400x400bb.jpg,apple-music,emo pop;post-hardcore;anthemic choruses;screamed vocals;angsty lyrics;distorted guitars;male vocals;American;2000s;2010s;Warped Tour
The Rocket Summer,C,https://is1-ssl.mzstatic.com/image/thumb/Features115/v4/3b/0c/78/3b0c787f-326b-0d97-d770-9f6e57194001/pr_source.png/400x400bb.jpg,apple-music,emo pop;power pop;indie rock;piano-driven;anthemic choruses;catchy hooks;confessional lyrics;male vocals;American;solo act;2000s;2010s
The Smashing Pumpkins,C,https://is1-ssl.mzstatic.com/image/thumb/AMCArtistImages221/v4/67/b0/d0/67b0d009-cfe5-f68d-5296-891eb86209cb/ami-identity-8e1c3d516591a3f1ae95545b0ce45c27-2026-05-15T00-17-03.775Z_cropped.png/400x400bb.jpg,apple-music,shoegaze;dream pop;neo-psychedelia;prog rock;heavy riffs;atmospheric textures;melancholy mood;angsty lyrics;concept albums;male vocals;Chicago;1990s;2000s
The Smiths,D,https://is1-ssl.mzstatic.com/image/thumb/Features221/v4/54/9a/2e/549a2e36-bc4d-0247-d03c-dda516b25eeb/mza_3821065946139989548.png/400x400bb.jpg,apple-music,jangle pop;post-punk;indie rock;jangly guitars;crooning vocals;melancholy mood;witty wordplay;sardonic humour;confessional lyrics;male vocals;Manchester;1980s
The Starting Line,B,https://is1-ssl.mzstatic.com/image/thumb/AMCArtistImages221/v4/54/c6/41/54c64102-ce4c-398a-f3d5-fe8ebbad0529/ami-identity-5a1e877c68104a3ac3681ba4c5510175-2025-06-06T20-08-04.908Z_cropped.png/400x400bb.jpg,apple-music,emo pop;anthemic choruses;catchy hooks;angsty lyrics;distorted guitars;male vocals;Philadelphia;2000s;Warped Tour
The Suicide Machines,D,https://is1-ssl.mzstatic.com/image/thumb/Features221/v4/19/4b/2c/194b2cb8-f1c8-993d-9bb0-c336d070d7aa/mzl.sjlewdem.jpg/400x400bb.jpg,apple-music,ska punk;hardcore;pop punk;horn section;breakneck tempos;political lyrics;high energy;gang vocals;male vocals;Detroit;1990s;2000s;Warped Tour
The Tossers,E,https://is1-ssl.mzstatic.com/image/thumb/Features124/v4/56/91/cf/5691cf5d-49f2-2cce-1034-7e1474cf470c/mzl.vbncsvyy.jpg/400x400bb.jpg,apple-music,Celtic punk;folk instrumentation;gang vocals;storytelling lyrics;high energy;party anthems;male vocals;Chicago;1990s;2000s;2010s
The Used,B,https://is1-ssl.mzstatic.com/image/thumb/AMCArtistImages211/v4/4a/a2/3c/4aa23c8d-e6e2-f689-1477-9033c981edfc/96a8f906-482f-46d1-95e3-fae7d9dbba2d_ami-identity-c676f9b41636690fc9def73bb2e03eef-2024-05-17T19-08-32.853Z_cropped.png/400x400bb.jpg,apple-music,screamo;emo pop;screamed vocals;angsty lyrics;melancholy mood;distorted guitars;anthemic choruses;male vocals;American;2000s;2010s;Warped Tour
Thousand Below,,https://is1-ssl.mzstatic.com/image/thumb/AMCArtistImages221/v4/b2/e8/99/b2e89947-cf39-c2a4-9fc0-7b0b77f4ee8a/ami-identity-c3e48a077f31943d1fbfac79e2c0a233-2026-03-31T19-03-56.417Z_cropped.png/400x400bb.jpg,apple-music,post-hardcore;metalcore;breakdowns;screamed vocals;atmospheric textures;angsty lyrics;melancholy mood;male vocals;San Diego;2010s;2020s
Thrice,,https://is1-ssl.mzstatic.com/image/thumb/AMCArtistImages211/v4/86/c2/f2/86c2f29b-0c76-4d49-d238-2095b82a88dc/ami-identity-32f9257ac64ef0e387922e7c82b96515-2026-03-31T15-07-05.475Z_cropped.png/400x400bb.jpg,apple-music,post-hardcore;melodic hardcore;experimental rock;emo;heavy riffs;screamed vocals;atmospheric textures;concept albums;melancholy mood;odd time signatures;male vocals;Orange County;2000s;2010s;2020s;Warped Tour
Thursday,,https://is1-ssl.mzstatic.com/image/thumb/Music112/v4/eb/b3/5b/ebb35bc4-e5ed-032a-4bfc-b76c1f1b8a94/pr_source.png/400x400bb.jpg,apple-music,post-hardcore;emo;screamed vocals;angsty lyrics;melancholy mood;distorted guitars;atmospheric textures;anthemic choruses;confessional lyrics;male vocals;New Jersey;1990s;2000s;2010s;2020s
Tim Minchin,D,https://is1-ssl.mzstatic.com/image/thumb/AMCArtistImages221/v4/f4/3f/e4/f43fe4f3-0bd8-d1ef-2cd4-57f81588a631/ami-identity-963e9967f497432b9115d209e9229ce9-2025-07-25T05-56-32.071Z_cropped.png/400x400bb.jpg,apple-music,comedy rock;piano rock;piano-driven;witty wordplay;sardonic humour;political lyrics;storytelling lyrics;theatrical delivery;explicit lyrics;orchestral arrangements;comedy;theatrical live shows;male vocals;Australian;solo act;2000s;2010s
Tobe Nwigwe,D,https://is1-ssl.mzstatic.com/image/thumb/AMCArtistImages211/v4/9b/e7/8e/9be78ee5-91b6-72f5-77d7-4b2f55aec743/file_cropped.png/400x400bb.jpg,apple-music,Southern hip hop;trap;Afrobeat influences;rapped verses;gang vocals;political lyrics;storytelling lyrics;soulful vocals;male vocals;female vocals;American;solo act;2010s;2020s
Tones and I,E,https://is1-ssl.mzstatic.com/image/thumb/AMCArtistImages211/v4/26/fb/c1/26fbc102-e360-e9e8-f466-9040f40cba42/ami-identity-0c3049130302aff34b3352967b9a365a-2025-10-10T00-50-14.751Z_cropped.png/400x400bb.jpg,apple-music,indie pop;dance-pop;electropop;catchy hooks;danceable grooves;quirky and playful;viral breakout;powerhouse vocals;female vocals;Australian;solo act;2010s;2020s
Tove Lo,A,https://is1-ssl.mzstatic.com/image/thumb/AMCArtistImages221/v4/d6/6e/d9/d66ed91c-6642-1c4c-4938-af29c4b785af/ami-identity-b8965520dc4d26f3868feee1936695a1-2026-05-11T15-55-40.098Z_cropped.png/400x400bb.jpg,apple-music,electropop;dance-pop;synth-driven;electronic beats;catchy hooks;polished production;explicit lyrics;party anthems;heartbreak lyrics;queer themes;female vocals;Stockholm;solo act;2010s;2020s
Trans-Siberian Orchestra,E,https://is1-ssl.mzstatic.com/image/thumb/Features115/v4/2f/2a/d0/2f2ad0f8-fd14-2aed-a2d1-61d9327d5fad/mzl.zvfdhoto.jpg/400x400bb.jpg,apple-music,neoclassical metal;rock opera;progressive metal;orchestral arrangements;choral vocals;operatic vocals;classical influences;virtuosic playing;cinematic scope;concept albums;theatrical live shows;male vocals;female vocals;American;1990s;2000s;2010s
Treaty of Paris,B,https://is1-ssl.mzstatic.com/image/thumb/Music118/v4/45/f7/72/45f772f8-acd8-a945-9d69-f6a020cb1c41/artwork.jpg/400x400bb.jpg,apple-music,power pop;emo pop;catchy hooks;anthemic choruses;synth-driven;male vocals;Chicago;2000s;2010s
twenty one pilots,B,https://is1-ssl.mzstatic.com/image/thumb/AMCArtistImages211/v4/ca/cd/50/cacd509c-b0d0-9767-afed-2568bb48bb80/ami-identity-c9ba08a71090ad5f6094375f4aa48f32-2025-05-21T14-28-34.785Z_cropped.png/400x400bb.jpg,apple-music,alternative rock;electropop;indie pop;pop rap;piano rock;ukulele;rapped verses;anthemic choruses;confessional lyrics;concept albums;genre-blending;melancholy mood;male vocals;masked or costumed;theatrical live shows;American;duo;2010s;2020s
Vampire Weekend,C,https://is1-ssl.mzstatic.com/image/thumb/AMCArtistImages126/v4/8a/e9/32/8ae932c1-1a13-27cc-a0dc-02289089e495/4163491f-3bda-448e-ac69-5b1ae6723d12_ami-identity-76d7a8ef014d81f2e211c7bcf199c794-2024-02-07T22-04-38.733Z_cropped.png/400x400bb.jpg,apple-music,indie rock;indie pop;baroque pop;art pop;jangly guitars;prominent bass;polyrhythms;Afrobeat influences;string arrangements;catchy hooks;witty wordplay;quirky and playful;male vocals;New York;2000s;2010s;2020s
Vanessa Carlton,D,https://is1-ssl.mzstatic.com/image/thumb/AMCArtistImages211/v4/08/78/ec/0878ec8e-11bc-5721-21ab-2e9d66519de1/ami-identity-3176eaa7d17a565449cf50d6ce954e4a-2025-11-11T15-47-48.823Z_cropped.png/400x400bb.jpg,apple-music,piano rock;pop rock;chamber pop;singer-songwriter;piano-driven;string arrangements;melancholy mood;confessional lyrics;storytelling lyrics;female vocals;American;solo act;2000s;2010s
Vermillion Lies,D,https://is1-ssl.mzstatic.com/image/thumb/Music124/v4/af/73/56/af735605-ad9f-8d25-45d3-d9c08a9d35b6/mzi.mwfffner.tif/400x400bb.jpg,apple-music,dark cabaret;indie folk;folk pop;theatrical delivery;acoustic textures;quirky and playful;storytelling lyrics;camp and flamboyant;dual vocals;female vocals;San Francisco;duo;sibling act;2000s
Vulfpeck,,https://is1-ssl.mzstatic.com/image/thumb/AMCArtistImages126/v4/05/6e/11/056e11ae-cc80-59b7-abaf-3e4410dc18be/a7d7f09c-26c2-46bf-906a-d64410e64789_ami-identity-7f73d301e2750ca2f1dde591c9098d03-2024-01-10T21-42-12.883Z_cropped.png/400x400bb.jpg,apple-music,funk;jazz;R&B;prominent bass;virtuosic playing;danceable grooves;quirky and playful;retro influences;instrumental;soulful vocals;male vocals;Michigan;2010s;2020s
Weezer,E,https://is1-ssl.mzstatic.com/image/thumb/AMCArtistImages211/v4/a0/1d/eb/a01deb8f-907e-3aad-270a-b84bb85cb5b2/ami-identity-7dd23bb0cb3a6d83af68d2c7ba069df8-2026-06-03T16-00-15.453Z_cropped.png/400x400bb.jpg,apple-music,geek rock;power pop;pop punk;distorted guitars;catchy hooks;anthemic choruses;quirky and playful;angsty lyrics;witty wordplay;male vocals;Los Angeles;1990s;2000s;2010s
Yeah Yeah Yeahs,C,https://is1-ssl.mzstatic.com/image/thumb/Music122/v4/bf/b7/b8/bfb7b8af-e699-0684-d3cc-2c66cba0139f/pr_source.png/400x400bb.jpg,apple-music,garage rock;art punk;post-punk;dance-punk;indie rock;distorted guitars;angular guitars;high energy;powerhouse vocals;camp and flamboyant;female vocals;theatrical live shows;New York;2000s;2010s
Yellowcard,B,https://is1-ssl.mzstatic.com/image/thumb/AMCArtistImages221/v4/c6/cc/8f/c6cc8f1a-c57e-4772-fbbb-a0fa3065e6a8/ami-identity-c417d987245fa76bfeca118a9d6471e2-2025-05-27T17-27-02.535Z_cropped.png/400x400bb.jpg,apple-music,pop punk;melodic hardcore;skate punk;string arrangements;anthemic choruses;catchy hooks;angsty lyrics;distorted guitars;male vocals;American;2000s;2010s;Warped Tour
Your Broken Hero,E,https://is1-ssl.mzstatic.com/image/thumb/AMCArtistImages211/v4/75/fd/07/75fd0791-1ac4-cc82-60f8-1ad674820859/ami-identity-0d2ca308e2ee00a7627c16f30d76d03e-2025-11-19T21-18-52.289Z_cropped.png/400x400bb.jpg,apple-music,emo pop;anthemic choruses;angsty lyrics;distorted guitars;confessional lyrics;male vocals;Los Angeles;solo act;2020s
Zedd,,https://is1-ssl.mzstatic.com/image/thumb/AMCArtistImages221/v4/d7/1d/29/d71d291b-ac87-d724-536b-81f6bd71993d/ami-identity-01f8776ca330a0f52366910a82cb12f6-2026-03-26T21-23-00.838Z_cropped.png/400x400bb.jpg,apple-music,complextro;progressive house;dubstep;future bass;dance-pop;electronic beats;four-on-the-floor beats;synth-driven;polished production;party anthems;German;solo act;2010s;2020s
